DiskType,IOType,ObjectSize,IODepth,RecoverLimit,r_iops,r_bw(MB/s),r_lat_avg(ms),r_lat_95(ms),r_lat_99(ms),w_iops,w_bw(MB/s),w_lat_avg(ms),w_lat_95(ms),w_lat_99(ms)
hdd,read,4k,1,1,2121,8.29,0.47,0.72,1.09,,,,,
hdd,read,4k,1,158,1909,7.46,0.52,0.77,1.22,,,,,
hdd,read,4k,1,316,1632,6.38,0.61,0.82,1.45,,,,,
hdd,read,4k,1,500,1640,6.41,0.61,0.72,1.7,,,,,
hdd,read,4k,1,600,1621,6.34,0.62,0.8,2.41,,,,,
hdd,read,4k,8,1,5781,22.6,1.38,1.45,2.67,,,,,
hdd,read,4k,8,158,5280,20.6,1.51,1.5,11.34,,,,,
hdd,read,4k,8,316,3619,14.1,2.21,1.94,33.82,,,,,
hdd,read,4k,8,500,4792,18.7,1.67,1.53,11.08,,,,,
hdd,read,4k,8,600,3703,14.5,2.16,1.76,32.38,,,,,
hdd,read,4k,16,1,5719,22.3,2.8,3.03,24.25,,,,,
hdd,read,4k,16,158,5309,20.7,3.01,3.03,27.39,,,,,
hdd,read,4k,16,316,5424,21.2,2.95,3.1,13.3,,,,,
hdd,read,4k,16,500,4185,16.3,3.82,4.23,38.01,,,,,
hdd,read,4k,16,600,3474,13.6,4.6,6.78,57.93,,,,,
hdd,read,4k,32,1,5852,22.9,5.47,7,30,,,,,
hdd,read,4k,32,158,5994,23.4,5.34,7,17,,,,,
hdd,read,4k,32,316,4659,18.2,6.87,11,48,,,,,
hdd,read,4k,32,500,4114,16.1,7.78,20,87,,,,,
hdd,read,4k,32,600,3890,15.2,8.22,23,101,,,,,
hdd,read,4k,64,1,6704,26.2,9.55,12,18,,,,,
hdd,read,4k,64,158,4787,18.7,13.37,30,93,,,,,
hdd,read,4k,64,600,3442,13.4,18.59,54,192,,,,,
hdd,read,4k,128,1,6136,23,20.86,41,50,,,,,
hdd,read,4k,128,158,6235,24.4,20.53,28,74,,,,,
hdd,read,4k,128,316,5352,20.9,23.91,47,174,,,,,
hdd,read,4k,128,500,4642,18.1,27.57,61,213,,,,,
hdd,read,4k,128,600,3808,14.9,33.61,108,300,,,,,
hdd,read,4k,256,1,7911,30.9,32.36,46,51,,,,,
hdd,read,4k,256,158,6340,24.8,40.38,69,174,,,,,
hdd,read,4k,256,316,5686,22.2,45.02,80,264,,,,,
hdd,read,4k,256,500,4717,18.4,54.26,169,326,,,,,
hdd,read,4k,256,600,5097,19.9,50.22,167,284,,,,,
hdd,read,32k,1,1,1357,42.4,0.74,0.78,1.52,,,,,
hdd,read,32k,1,158,1221,38.2,0.82,0.84,4.23,,,,,
hdd,read,32k,1,316,756,23.6,1.32,0.98,25.56,,,,,
hdd,read,32k,1,500,1069,33.4,0.93,1,9.24,,,,,
hdd,read,32k,1,600,821,25.7,1.22,0.9,24.77,,,,,
hdd,read,32k,8,1,2446,76.4,3.27,16.91,30.28,,,,,
hdd,read,32k,8,158,1928,60.3,4.15,21.89,32.64,,,,,
hdd,read,32k,8,316,2908,90.9,2.75,5.74,17.43,,,,,
hdd,read,32k,8,500,1477,46.2,5.41,26.08,64.75,,,,,
hdd,read,32k,8,600,1092,34.2,7.32,33.16,115.87,,,,,
hdd,read,32k,16,1,2499,78.1,6.4,27.92,33.42,,,,,
hdd,read,32k,16,158,3357,105,4.76,9.24,13.96,,,,,
hdd,read,32k,16,316,1436,44.9,11.13,32.11,160.43,,,,,
hdd,read,32k,16,500,727,22.7,22,119.01,329.25,,,,,
hdd,read,32k,16,600,721,22.5,22.19,130.55,246.42,,,,,
hdd,read,32k,32,1,3742,117,8.55,16.58,21.63,,,,,
hdd,read,32k,32,158,2192,68.5,14.6,35.91,72.88,,,,,
hdd,read,32k,32,316,1825,57,17.53,39.06,191.89,,,,,
hdd,read,32k,32,500,562,17.6,56.89,283.12,541.07,,,,,
hdd,read,32k,32,600,516,16.1,61.98,341.84,901.78,,,,,
hdd,read,32k,64,1,2389,74.7,26.78,62.13,80.22,,,,,
hdd,read,32k,64,158,2049,64,31.22,69.73,202.38,,,,,
hdd,read,32k,64,316,1682,52.6,38.03,95.94,346.03,,,,,
hdd,read,32k,64,500,1976,61.8,32.38,133.69,320.87,,,,,
hdd,read,32k,128,1,2430,75.9,52.67,130,180,,,,,
hdd,read,32k,128,158,2079,64,61.55,159,363,,,,,
hdd,read,32k,128,316,1365,42.7,93.73,371.2,599.79,,,,,
hdd,read,32k,128,500,1742,54.5,73.44,291.5,534.77,,,,,
hdd,read,32k,128,600,838,26.2,152.58,557.84,994.05,,,,,
hdd,read,32k,256,1,2527,78,101.3,266,368,,,,,
hdd,read,32k,256,158,2186,68.3,117.08,326,550,,,,,
hdd,read,32k,256,316,2094,65.5,122.21,446.69,734,,,,,
hdd,read,32k,256,500,672,21,380.66,1149.24,1803.55,,,,,
hdd,read,32k,256,600,1001,31.3,255.61,826.28,1249.9,,,,,
hdd,read,64k,1,1,942,58.9,1.06,0.97,23.99,,,,,
hdd,read,64k,1,158,1160,72.5,0.86,0.98,6.78,,,,,
hdd,read,64k,1,316,604,37.8,1.65,1.29,29.75,,,,,
hdd,read,64k,1,500,601,37.6,1.66,1.25,29.75,,,,,
hdd,read,64k,1,600,212,13.3,4.7,24.25,85.46,,,,,
hdd,read,64k,8,1,2026,127,3.95,9.9,15.4,,,,,
hdd,read,64k,8,158,1028,64.3,7.77,31,54,,,,,
hdd,read,64k,8,316,720,45,11.11,43,150,,,,,
hdd,read,64k,8,500,710,44.4,11.26,39,150,,,,,
hdd,read,64k,8,600,847,52,9.44,41.16,143.66,,,,,
hdd,read,64k,16,1,1233,77.1,12.97,37,51,,,,,
hdd,read,64k,16,158,996,62.3,16.06,41,142,,,,,
hdd,read,64k,16,316,619,38.7,25.81,117,309,,,,,
hdd,read,64k,16,500,738,46.1,21.67,108,279,,,,,
hdd,read,64k,16,600,224,14,71.37,379.58,759.17,,,,,
hdd,read,64k,32,1,1167,72.9,27.42,70,90,,,,,
hdd,read,64k,32,158,1035,64.7,30.89,78,186,,,,,
hdd,read,64k,32,316,1172,73.3,27.28,78.12,235.93,,,,,
hdd,read,64k,32,500,606,37.9,52.78,227.54,392.17,,,,,
hdd,read,64k,32,600,532,33.3,60.14,248.51,425.72,,,,,
hdd,read,64k,64,1,1149,71.9,55.66,142,197,,,,,
hdd,read,64k,64,158,1188,74.3,53.85,152.04,450.89,,,,,
hdd,read,64k,64,316,703,43,90.97,333.45,624.95,,,,,
hdd,read,64k,64,500,271,16.9,236.01,826.28,1216.35,,,,,
hdd,read,64k,64,600,474,29.6,134.93,463.47,658.51,,,,,
hdd,read,64k,128,1,1439,89,88.89,267.39,371.2,,,,,
hdd,read,64k,128,158,958,59.9,133.57,388,709,,,,,
hdd,read,64k,128,316,680,42.5,188.05,634,961,,,,,
hdd,read,64k,128,500,375,23.5,340.74,1233.13,2122.32,,,,,
hdd,read,64k,128,600,184,11.5,692.89,3070.23,7214.2,,,,,
hdd,read,64k,256,1,1100,68.8,232.69,709,927,,,,,
hdd,read,64k,256,158,850,53.1,301.06,977.27,1350.57,,,,,
hdd,read,64k,256,316,562,35.2,454.79,1451.23,2004.88,,,,,
hdd,read,64k,256,500,550,34.4,464.6,1619,2466.25,,,,,
hdd,read,64k,256,600,292,18.3,874.47,3003.12,5335.15,,,,,
hdd,read,256k,1,1,314,78.7,3.18,23.46,31.85,,,,,
hdd,read,256k,1,158,284,71.1,3.52,24.77,33.42,,,,,
hdd,read,256k,1,316,273,68.3,3.66,8.85,43.78,,,,,
hdd,read,256k,1,500,187,46,5.32,29.23,47.45,,,,,
hdd,read,256k,1,600,60,15.2,16.45,61.08,263.19,,,,,
hdd,read,256k,8,1,304,76,26.31,55,73,,,,,
hdd,read,256k,8,158,369,92.4,21.63,54,171,,,,,
hdd,read,256k,8,316,205,51.5,38.84,136,284,,,,,
hdd,read,256k,8,500,101,25.4,78.68,308.28,591.4,,,,,
hdd,read,256k,8,600,82,20.6,97.26,379.58,608.17,,,,,
hdd,read,256k,16,1,421,105,37.99,100,131,,,,,
hdd,read,256k,16,158,249,62.3,64.2,159,359,,,,,
hdd,read,256k,16,316,196,49.2,81.35,275,481,,,,,
hdd,read,256k,16,500,80,20.1,198.51,708.84,1199.57,,,,,
hdd,read,256k,16,600,79,19,200.42,734,1283.46,,,,,
hdd,read,256k,32,1,329,82.4,97.06,241,309,,,,,
hdd,read,256k,32,158,231,57.9,138.14,435,818,,,,,
hdd,read,256k,32,500,73,18.5,432.49,1400.9,2365.59,,,,,
hdd,read,256k,32,600,50,12.7,629.76,2432.7,4278.19,,,,,
hdd,read,256k,64,1,348,87.1,183.75,502,667,,,,,
hdd,read,256k,64,158,256,64.1,249.75,751,1133,,,,,
hdd,read,256k,64,316,161,40.4,396.19,1234,1620,,,,,
hdd,read,256k,64,500,130,32.6,491.15,1619,2533.36,,,,,
hdd,read,256k,64,600,92,23.1,691.31,2366,3742,,,,,
hdd,read,256k,128,1,353,88.3,362.53,1183,1620,,,,,
hdd,read,256k,128,158,265,66.3,482.7,1636,2299,,,,,
hdd,read,256k,128,316,214,53.6,596.65,2265,3037,,,,,
hdd,read,256k,128,500,136,34.1,937.07,3205,5269,,,,,
hdd,read,256k,128,600,130,32.6,980.07,3574,5134,,,,,
hdd,read,256k,256,1,353,88.4,723.99,3239,3910,,,,,
hdd,read,256k,256,158,359,89,711.33,3406,4279,,,,,
hdd,read,256k,256,316,241,60.5,1058.21,4396,5537,,,,,
hdd,read,256k,256,500,188,47.2,1355.31,5470,6678,,,,,
hdd,read,256k,256,600,153,38.5,1663.87,5873,7282,,,,,
hdd,read,1M,1,1,121,122,8.22,16.58,18.22,,,,,
hdd,read,1M,1,158,73,73.5,13.6,39,48,,,,,
hdd,read,1M,1,316,53,53.3,18.77,48,157,,,,,
hdd,read,1M,1,500,37,37.4,26.72,97,215,,,,,
hdd,read,1M,1,600,72,72.7,13.75,47,140,,,,,
hdd,read,1M,8,1,106,106,75.41,163,207,,,,,
hdd,read,1M,8,158,75,75.2,106.33,292,523,,,,,
hdd,read,1M,8,316,58,58.7,136.24,405,634,,,,,
hdd,read,1M,8,500,33,33.5,238.84,735,1045,,,,,
hdd,read,1M,8,600,21,21.4,374.16,1045,1401,,,,,
hdd,read,1M,16,1,119,119,134.25,330,430,,,,,
hdd,read,1M,16,158,92,92.7,172.52,472,726,,,,,
hdd,read,1M,16,316,82,82.5,193.81,592,844,,,,,
hdd,read,1M,16,500,43,43.1,371.53,1083,1519,,,,,
hdd,read,1M,16,600,30,30.4,526.9,1586,2265,,,,,
hdd,read,1M,32,1,125,125,255.69,709,936,,,,,
hdd,read,1M,32,158,121,122,263.17,860,1167,,,,,
hdd,read,1M,32,316,77,77.1,415.09,1267,1720,,,,,
hdd,read,1M,32,500,52,52.3,611.72,1770,2400,,,,,
hdd,read,1M,32,600,41,41.1,777.89,1972,2970,,,,,
hdd,read,1M,64,1,160,160,399.17,1620,1955,,,,,
hdd,read,1M,64,158,102,103,623.48,2366,2903,,,,,
hdd,read,1M,64,316,80,80.1,798.98,2869,3574,,,,,
hdd,read,1M,64,500,49,49.1,1303.07,4597,6409,,,,,
hdd,read,1M,64,600,55,55.5,1153.28,4597,5940,,,,,
hdd,read,1M,128,1,132,132,969.24,3540,3943,,,,,
hdd,read,1M,128,158,99,99.7,1284.07,4665,5336,,,,,
hdd,read,1M,128,316,85,85.2,1502.05,5336,6208,,,,,
hdd,read,1M,128,500,49,49.3,2595.31,10537,11610,,,,,
hdd,read,1M,128,600,50,50.2,2549.8,8490,12013,,,,,
hdd,read,1M,256,1,127,127,2010.5,4665,5269,,,,,
hdd,read,1M,256,158,111,111,2300.87,5269,6141,,,,,
hdd,read,1M,256,316,85,85.7,2988.23,7617,8288,,,,,
hdd,read,1M,256,500,66,66.1,3870.03,8557,10268,,,,,
hdd,read,1M,256,600,45,45,5567.43,14429,17113,,,,,
hdd,read,2M,1,1,37,74.9,26.71,48,56,,,,,
hdd,read,2M,1,158,44,88.2,22.67,42,155,,,,,
hdd,read,2M,1,316,31,63.2,31.65,59,157,,,,,
hdd,read,2M,1,500,14,29.5,67.72,218,380,,,,,
hdd,read,2M,1,600,25,50.9,39.32,106,199,,,,,
hdd,read,2M,8,1,96,192,83.15,197,253,,,,,
hdd,read,2M,8,158,52,106,151.32,384,592,,,,,
hdd,read,2M,8,316,39,79.3,201.67,535,735,,,,,
hdd,read,2M,8,500,19,38.2,418.9,1183,1703,,,,,
hdd,read,2M,8,600,17,35.9,444.97,1250,1720,,,,,
hdd,read,2M,16,1,73,148,216.79,567,735,,,,,
hdd,read,2M,16,158,57,115,278.05,776,1150,,,,,
hdd,read,2M,16,316,43,87.3,366.24,1020,1452,,,,,
hdd,read,2M,16,500,33,67.3,475.02,1401,2039,,,,,
hdd,read,2M,16,600,23,46.4,690.23,1703,2366,,,,,
hdd,read,2M,32,1,72,146,439.07,1552,1955,,,,,
hdd,read,2M,32,158,55,112,571.99,1955,2433,,,,,
hdd,read,2M,32,316,54,109,589.69,1921,2601,,,,,
hdd,read,2M,32,500,29,59.3,1078.25,3205,4396,,,,,
hdd,read,2M,32,600,28,57.1,1119.35,3708,5269,,,,,
hdd,read,2M,64,1,72,145,885.15,3037,3540,,,,,
hdd,read,2M,64,158,77,154,828.47,2903,3339,,,,,
hdd,read,2M,64,316,45,90.5,1413.49,4799,5805,,,,,
hdd,read,2M,64,500,31,63.9,2003.5,6879,8926,,,,,
hdd,read,2M,64,600,29,59.2,2159.81,6745,9329,,,,,
hdd,read,2M,128,1,98,196,1303.29,3037,3440,,,,,
hdd,read,2M,128,158,56,113,2268.24,5067,5805,,,,,
hdd,read,2M,128,316,43,87.6,2920.87,6477,7483,,,,,
hdd,read,2M,128,500,34,68,3761.65,7483,11073,,,,,
hdd,read,2M,128,600,36,73.2,3496.3,8087,10537,,,,,
hdd,read,2M,256,1,72,144,3551.05,5805,6879,,,,,
hdd,read,2M,256,158,55,111,4613.75,7684,8490,,,,,
hdd,read,2M,256,316,38,76.4,6696.34,11073,13489,,,,,
hdd,read,2M,256,500,39,78,6563.06,10939,13758,,,,,
hdd,read,2M,256,600,26,52.7,9708.66,15234,17113,,,,,
hdd,read,4M,1,1,17,71.3,56.1,72,89,,,,,
hdd,read,4M,1,158,16,65.9,60.69,88,201,,,,,
hdd,read,4M,1,316,16,65.8,60.75,157,317,,,,,
hdd,read,4M,1,500,8,32.1,124.69,338,584,,,,,
hdd,read,4M,1,600,10,43.2,92.58,232,439,,,,,
hdd,read,4M,8,1,40,161,198.82,481,634,,,,,
hdd,read,4M,8,158,42,170,188.52,502,751,,,,,
hdd,read,4M,8,316,21,86.1,371.51,1011,1334,,,,,
hdd,read,4M,8,500,14,58.8,544.38,1485,1955,,,,,
hdd,read,4M,8,600,10,43.7,731.35,1770,2433,,,,,
hdd,read,4M,16,1,57,230,277.66,911,1133,,,,,
hdd,read,4M,16,158,32,131,488.69,1485,1921,,,,,
hdd,read,4M,16,316,23,94.1,679.55,2165,2802,,,,,
hdd,read,4M,16,500,17,68.3,937.26,2433,3339,,,,,
hdd,read,4M,16,600,20,83.4,766.76,2232,2735,,,,,
hdd,read,4M,32,1,39,160,801.99,2500,3004,,,,,
hdd,read,4M,32,158,32,132,970.86,3138,3708,,,,,
hdd,read,4M,32,316,23,94.6,1352.92,4463,5269,,,,,
hdd,read,4M,32,500,24,97.8,1308.19,3910,5671,,,,,
hdd,read,4M,32,600,15,63.1,2025.39,6007,7148,,,,,
hdd,read,4M,64,1,41,165,1555.52,3373,3842,,,,,
hdd,read,4M,64,158,32,130,1971.61,4178,4866,,,,,
hdd,read,4M,64,316,32,131,1949.64,3876,4597,,,,,
hdd,read,4M,64,500,17,70.1,3648.29,7013,9329,,,,,
hdd,read,4M,64,600,16,65.5,3906.71,7349,10000,,,,,
hdd,read,4M,128,1,40,161,3188.23,5134,6275,,,,,
hdd,read,4M,128,158,42,168,3041.48,4933,5604,,,,,
hdd,read,4M,128,316,26,104,4914.44,7617,9731,,,,,
hdd,read,4M,128,500,18,74.4,6878.1,11342,13892,,,,,
hdd,read,4M,128,600,16,67.9,7534.19,12147,17113,,,,,
hdd,read,4M,256,1,57,229,4474.92,6007,7684,,,,,
hdd,read,4M,256,158,32,130,7888.93,10537,12416,,,,,
hdd,read,4M,256,316,23,94,10777.96,14832,17113,,,,,
hdd,read,4M,256,500,18,73.3,13965.29,17113,17113,,,,,
hdd,read,4M,256,600,20,81.3,12590.17,17113,17113,,,,,
hdd,write,4k,1,1,,,,,,62,0.24,16,17,51
hdd,write,4k,1,158,,,,,,55,0.22,18.11,28,126
hdd,write,4k,1,316,,,,,,45,0.18,21.86,50,192
hdd,write,4k,1,500,,,,,,35,0.14,27.87,124,239
hdd,write,4k,1,600,,,,,,7,0.03,139.78,401,651
hdd,write,4k,8,1,,,,,,254,0.99,31.43,59,67
hdd,write,4k,8,158,,,,,,210,0.82,38.05,66,300
hdd,write,4k,8,316,,,,,,176,0.69,45.33,167,347
hdd,write,4k,8,500,,,,,,141,0.55,56.7,224,372
hdd,write,4k,8,600,,,,,,32,0.13,242.42,625,1099
hdd,write,4k,16,1,,,,,,416,1.63,38.42,66,75
hdd,write,4k,16,158,,,,,,346,1.35,46.16,71,292
hdd,write,4k,16,316,,,,,,289,1.13,55.36,201,363
hdd,write,4k,16,500,,,,,,218,0.85,73.22,268,477
hdd,write,4k,16,600,,,,,,208,0.81,76.88,292,393
hdd,write,4k,32,1,,,,,,669,2.61,47.81,67,73
hdd,write,4k,32,158,,,,,,585,2.29,54.65,69,326
hdd,write,4k,32,316,,,,,,482,1.89,66.29,232,368
hdd,write,4k,32,500,,,,,,377,1.47,84.75,275,409
hdd,write,4k,32,600,,,,,,319,1.25,100.27,334,418
hdd,write,4k,64,1,,,,,,1104,4.32,57.92,70,86
hdd,write,4k,64,158,,,,,,956,3.74,66.93,85,359
hdd,write,4k,64,316,,,,,,791,3.09,80.85,251,388
hdd,write,4k,64,500,,,,,,616,2.41,103.87,351,435
hdd,write,4k,64,600,,,,,,491,1.92,130.15,351,451
hdd,write,4k,128,1,,,,,,1645,6.43,77.78,101,150
hdd,write,4k,128,158,,,,,,1443,5.64,88.69,178,414
hdd,write,4k,128,316,,,,,,1197,4.68,106.87,300,451
hdd,write,4k,128,500,,,,,,919,3.59,139.16,409,584
hdd,write,4k,128,600,,,,,,581,2.27,220.21,802,1200
hdd,write,4k,256,1,,,,,,1668,6.52,153.44,220,253
hdd,write,4k,256,158,,,,,,1336,5.22,191.59,422,953
hdd,write,4k,256,316,,,,,,851,3.33,300.74,743,961
hdd,write,4k,256,500,,,,,,544,2.13,469.76,1062,1250
hdd,write,4k,256,600,,,,,,152,0.59,1682.75,3272,4463
hdd,write,32k,1,1,,,,,,60,1.88,16.6,20,64
hdd,write,32k,1,158,,,,,,50,1.58,19.83,46,134
hdd,write,32k,1,316,,,,,,42,1.32,23.68,75,184
hdd,write,32k,1,500,,,,,,33,1.04,30.12,133,234
hdd,write,32k,1,600,,,,,,30,0.95,32.85,167,232
hdd,write,32k,8,1,,,,,,217,6.81,36.7,91,116
hdd,write,32k,8,158,,,,,,188,5.89,42.41,92,275
hdd,write,32k,8,316,,,,,,160,5.02,49.82,184,317
hdd,write,32k,8,500,,,,,,130,4.07,61.35,253,368
hdd,write,32k,8,600,,,,,,103,3.23,77.3,275,397
hdd,write,32k,16,1,,,,,,316,9.88,50.59,109,138
hdd,write,32k,16,158,,,,,,293,9.19,54.42,117,326
hdd,write,32k,16,316,,,,,,236,7.4,67.61,218,368
hdd,write,32k,16,500,,,,,,192,6.03,82.94,300,418
hdd,write,32k,16,600,,,,,,167,5.23,95.62,309,409
hdd,write,32k,32,1,,,,,,373,11.7,85.72,133,167
hdd,write,32k,32,158,,,,,,282,8.82,113.44,321,835
hdd,write,32k,32,316,,,,,,275,8.62,116.07,334,460
hdd,write,32k,32,500,,,,,,220,6.9,144.92,409,514
hdd,write,32k,32,600,,,,,,75,2.35,425.76,902,1183
hdd,write,32k,64,1,,,,,,441,13.8,144.91,184,268
hdd,write,32k,64,158,,,,,,392,12.3,162.91,376,617
hdd,write,32k,64,316,,,,,,336,10.5,190.16,464,625
hdd,write,32k,64,500,,,,,,108,3.39,590.05,1133,1452
hdd,write,32k,64,600,,,,,,37,1.17,1702.35,3339,3943
hdd,write,32k,128,1,,,,,,493,15.4,259.59,355,531
hdd,write,32k,128,158,,,,,,366,11.5,349.23,852,1099
hdd,write,32k,128,316,,,,,,328,10.3,389.38,1062,1200
hdd,write,32k,128,500,,,,,,78,2.44,1637.63,2802,3440
hdd,write,32k,128,600,,,,,,117,3.69,1085.34,2265,3037
hdd,write,32k,256,1,,,,,,478,14,534.44,885,1200
hdd,write,32k,256,158,,,,,,398,12.5,642.35,1250,1586
hdd,write,32k,256,316,,,,,,216,6.78,1180.68,2039,2668
hdd,write,32k,256,500,,,,,,151,4.75,1685.63,3239,4212
hdd,write,32k,256,600,,,,,,91,2.86,2796.89,5134,6208
hdd,write,64k,1,1,,,,,,26,1.67,37.45,42,51
hdd,write,64k,1,158,,,,,,23,1.46,42.84,51,209
hdd,write,64k,1,316,,,,,,20,1.26,49.5,176,259
hdd,write,64k,1,500,,,,,,16,1.01,61.98,201,296
hdd,write,64k,1,600,,,,,,14,0.91,68.78,211,309
hdd,write,64k,8,1,,,,,,127,7.99,62.61,84,104
hdd,write,64k,8,158,,,,,,89,5.58,89.54,284,464
hdd,write,64k,8,316,,,,,,60,3.79,131.76,359,527
hdd,write,64k,8,500,,,,,,71,4.47,111.75,326,409
hdd,write,64k,8,600,,,,,,13,0.88,571.5,1469,2702
hdd,write,64k,16,1,,,,,,194,12.1,82.39,116,142
hdd,write,64k,16,158,,,,,,140,8.77,113.99,347,592
hdd,write,64k,16,316,,,,,,73,4.59,217.9,558,726
hdd,write,64k,16,500,,,,,,32,2.05,488.63,1083,1670
hdd,write,64k,16,600,,,,,,97,6.11,163.54,393,502
hdd,write,64k,32,1,,,,,,271,16.9,118.02,176,209
hdd,write,64k,32,158,,,,,,197,12.3,161.95,481,810
hdd,write,64k,32,316,,,,,,205,12.8,155.92,384,489
hdd,write,64k,32,500,,,,,,61,3.85,518.78,1020,1804
hdd,write,64k,32,600,,,,,,53,3.34,598.63,1955,3205
hdd,write,64k,64,1,,,,,,309,19.3,207.08,321,414
hdd,write,64k,64,158,,,,,,230,14.4,277.88,768,1133
hdd,write,64k,64,316,,,,,,153,9.58,417.6,936,1133
hdd,write,64k,64,500,,,,,,58,3.63,1101.51,2567,3406
hdd,write,64k,64,600,,,,,,38,2.42,1654.94,3507,4396
hdd,write,64k,128,1,,,,,,337,21.1,379.66,609,751
hdd,write,64k,128,158,,,,,,220,13.8,581.56,1200,1569
hdd,write,64k,128,316,,,,,,141,8.87,901.92,1888,2601
hdd,write,64k,128,500,,,,,,81,5.07,1576.88,3239,3943
hdd,write,64k,128,600,,,,,,49,3.12,2567.12,4799,5738
hdd,write,64k,256,1,,,,,,384,24,666.05,1368,1871
hdd,write,64k,256,158,,,,,,298,18.6,858.89,1636,2198
hdd,write,64k,256,316,,,,,,184,11.5,1388.75,2668,3339
hdd,write,64k,256,500,,,,,,101,6.35,2518.15,4597,6074
hdd,write,64k,256,600,,,,,,93,5.84,2737.54,5000,6879
hdd,write,256k,1,1,,,,,,24,6.22,40.18,51,75
hdd,write,256k,1,158,,,,,,21,5.38,46.47,73,211
hdd,write,256k,1,316,,,,,,18,4.66,53.68,174,264
hdd,write,256k,1,500,,,,,,15,3.86,64.68,218,284
hdd,write,256k,1,600,,,,,,13,3.33,75.03,224,309
hdd,write,256k,8,1,,,,,,90,22.6,88.5,126,159
hdd,write,256k,8,158,,,,,,65,16.5,121.27,376,735
hdd,write,256k,8,316,,,,,,67,16.8,119.27,351,472
hdd,write,256k,8,500,,,,,,17,4.47,447.24,1011,2056
hdd,write,256k,8,600,,,,,,47,11.8,169.98,397,485
hdd,write,256k,16,1,,,,,,121,30.3,131.84,188,224
hdd,write,256k,16,158,,,,,,108,27.1,147.79,359,468
hdd,write,256k,16,316,,,,,,59,14.8,269.73,493,651
hdd,write,256k,16,500,,,,,,31,7.9,506.17,1167,1519
hdd,write,256k,16,600,,,,,,14,3.58,1116.33,2970,3574
hdd,write,256k,32,1,,,,,,149,37.5,213.4,292,498
hdd,write,256k,32,158,,,,,,113,28.4,281.21,617,961
hdd,write,256k,32,316,,,,,,76,19.1,418.77,978,1167
hdd,write,256k,32,500,,,,,,29,7.42,1077.18,2232,2869
hdd,write,256k,32,600,,,,,,16,4.02,1991.66,3473,4144
hdd,write,256k,64,1,,,,,,163,40.9,391.6,625,751
hdd,write,256k,64,158,,,,,,115,28.9,553.66,1183,1536
hdd,write,256k,64,316,,,,,,73,18.4,871.37,1821,2467
hdd,write,256k,64,500,,,,,,34,8.62,1854.63,3574,4530
hdd,write,256k,64,600,,,,,,26,6.71,2382.8,4329,6409
hdd,write,256k,128,1,,,,,,174,43.6,734.51,1234,1703
hdd,write,256k,128,158,,,,,,127,31.9,1002.5,1972,2467
hdd,write,256k,128,316,,,,,,90,22.6,1417.1,2702,3507
hdd,write,256k,128,500,,,,,,50,12.5,2552.55,4597,6208
hdd,write,256k,128,600,,,,,,40,10.1,3163.68,5537,6678
hdd,write,256k,256,1,,,,,,203,50.8,1259.13,2903,4212
hdd,write,256k,256,158,,,,,,148,37.1,1723.12,3675,4866
hdd,write,256k,256,316,,,,,,112,28.1,2279.02,4329,5873
hdd,write,256k,256,500,,,,,,85,21.3,2998.43,5403,6611
hdd,write,256k,256,600,,,,,,87,21.9,2923.91,5201,7684
hdd,write,1M,1,1,,,,,,19,19.5,51.3,68,88
hdd,write,1M,1,158,,,,,,17,17.5,57,101,249
hdd,write,1M,1,316,,,,,,14,14.8,67.72,205,321
hdd,write,1M,1,500,,,,,,12,12.1,82.35,234,338
hdd,write,1M,1,600,,,,,,1,1.2,835.56,1838,2869
hdd,write,1M,8,1,,,,,,49,49.6,161.4,232,292
hdd,write,1M,8,158,,,,,,36,36.7,217.99,535,953
hdd,write,1M,8,316,,,,,,35,35.6,224.65,489,726
hdd,write,1M,8,500,,,,,,11,11.4,698.84,1401,1687
hdd,write,1M,8,600,,,,,,7,7.47,1069.8,2601,3306
hdd,write,1M,16,1,,,,,,61,61.6,259.71,397,481
hdd,write,1M,16,158,,,,,,42,42.8,374.07,1011,1385
hdd,write,1M,16,316,,,,,,31,31.9,500.86,995,1167
hdd,write,1M,16,500,,,,,,11,11.2,1424.03,3004,4245
hdd,write,1M,16,600,,,,,,6,6.43,2486.04,4665,5403
hdd,write,1M,32,1,,,,,,67,67.4,474.42,726,877
hdd,write,1M,32,158,,,,,,45,45.8,699.22,1250,1536
hdd,write,1M,32,316,,,,,,30,30.7,1042.12,2123,2668
hdd,write,1M,32,500,,,,,,14,14.9,2152.12,3809,5000
hdd,write,1M,32,600,,,,,,10,10,2908.31,5134,6074
hdd,write,1M,64,1,,,,,,71,71.8,891.61,1418,1989
hdd,write,1M,64,158,,,,,,50,50.2,1275.48,2400,3104
hdd,write,1M,64,316,,,,,,33,33.6,1906.97,3540,4396
hdd,write,1M,64,500,,,,,,22,22.3,2865.36,5403,7349
hdd,write,1M,64,600,,,,,,23,23.1,2763.58,4597,5604
hdd,write,1M,128,1,,,,,,71,71.7,1783.89,3608,4732
hdd,write,1M,128,158,,,,,,53,53,2413.9,4396,5470
hdd,write,1M,128,316,,,,,,40,40.6,3155.27,5269,6678
hdd,write,1M,128,500,,,,,,35,35.1,3643.76,7080,9060
hdd,write,1M,128,600,,,,,,30,30.3,4225.3,6812,9597
hdd,write,1M,256,1,,,,,,74,74,3455.97,5403,7282
hdd,write,1M,256,158,,,,,,55,55.1,4647.19,6611,8926
hdd,write,1M,256,316,,,,,,44,44.4,5756.3,8658,12281
hdd,write,1M,256,500,,,,,,31,31.4,8160.31,11610,14966
hdd,write,1M,256,600,,,,,,30,30.3,8447.4,12416,17113
hdd,write,2M,1,1,,,,,,16,33.8,59.18,75,100
hdd,write,2M,1,158,,,,,,12,25.1,79.58,224,506
hdd,write,2M,1,316,,,,,,8,17,117.34,409,735
hdd,write,2M,1,500,,,,,,2,4.93,405.83,1099,1435
hdd,write,2M,1,600,,,,,,9,18.2,109.59,284,388
hdd,write,2M,8,1,,,,,,34,68.6,233.3,296,338
hdd,write,2M,8,158,,,,,,24,48.3,331.09,927,1267
hdd,write,2M,8,316,,,,,,23,46.1,347.33,701,986
hdd,write,2M,8,500,,,,,,5,11.9,1338.11,2869,3742
hdd,write,2M,8,600,,,,,,4,8.62,1854.84,3406,3910
hdd,write,2M,16,1,,,,,,37,75.2,425.26,659,793
hdd,write,2M,16,158,,,,,,27,55.1,580.31,1083,1418
hdd,write,2M,16,316,,,,,,15,31.9,1001.5,1905,2668
hdd,write,2M,16,500,,,,,,8,17.6,1819.92,3104,3608
hdd,write,2M,16,600,,,,,,5,11.1,2873.3,4866,5671
hdd,write,2M,32,1,,,,,,39,78.3,817.51,1351,1921
hdd,write,2M,32,158,,,,,,29,59.4,1077.89,2056,2702
hdd,write,2M,32,316,,,,,,20,40.9,1565.56,2702,3507
hdd,write,2M,32,500,,,,,,11,23.2,2754.5,4933,6074
hdd,write,2M,32,600,,,,,,10,21.4,2982.41,5000,6208
hdd,write,2M,64,1,,,,,,39,78.9,1621.16,2937,4245
hdd,write,2M,64,158,,,,,,29,59.9,2137.22,3641,4530
hdd,write,2M,64,316,,,,,,21,43,2974.2,5134,6544
hdd,write,2M,64,500,,,,,,15,31.6,4053.82,6678,8154
hdd,write,2M,64,600,,,,,,14,29.8,4294.8,6745,8221
hdd,write,2M,128,1,,,,,,40,81.7,3131.59,4665,6007
hdd,write,2M,128,158,,,,,,29,58.9,4343.27,6275,8288
hdd,write,2M,128,316,,,,,,21,42.7,5986.28,8658,12684
hdd,write,2M,128,500,,,,,,16,32.6,7834.94,10805,15368
hdd,write,2M,128,600,,,,,,17,34.2,7488.7,10402,15234
hdd,write,2M,256,1,,,,,,40,81.3,6288.8,8288,11476
hdd,write,2M,256,158,,,,,,30,60.2,8492.37,11610,17113
hdd,write,2M,256,316,,,,,,22,44.9,11390.82,16711,17113
hdd,write,2M,256,500,,,,,,17,35.7,14325.15,17113,17113
hdd,write,2M,256,600,,,,,,15,31.2,16395.86,17113,17113
hdd,write,4M,1,1,,,,,,12,50.8,78.71,95,117
hdd,write,4M,1,158,,,,,,10,43.2,92.5,190,351
hdd,write,4M,1,316,,,,,,6,27.2,146.92,447,567
hdd,write,4M,1,500,,,,,,2,11.9,337.39,793,1099
hdd,write,4M,1,600,,,,,,7,28.8,138.76,334,435
hdd,write,4M,8,1,,,,,,20,80,395.25,609,743
hdd,write,4M,8,158,,,,,,14,57,551.97,1099,1334
hdd,write,4M,8,316,,,,,,8,33.8,945.58,1804,2333
hdd,write,4M,8,500,,,,,,9,36.2,882.59,1955,2534
hdd,write,4M,8,600,,,,,,2,11.8,2695.72,4732,5336
hdd,write,4M,16,1,,,,,,21,85.8,745.49,1036,1334
hdd,write,4M,16,158,,,,,,14,58.7,1089.11,2106,2769
hdd,write,4M,16,316,,,,,,10,41.1,1556.87,3004,3574
hdd,write,4M,16,500,,,,,,6,24.2,2644.8,4732,5470
hdd,write,4M,16,600,,,,,,6,24.9,2569.63,4329,5067
hdd,write,4M,32,1,,,,,,21,84.1,1520.79,2567,3675
hdd,write,4M,32,158,,,,,,15,60.1,2128.67,3675,4530
hdd,write,4M,32,316,,,,,,11,44,2906.01,4933,6141
hdd,write,4M,32,500,,,,,,9,36,3548.05,5805,7953
hdd,write,4M,32,600,,,,,,7,30.7,4158.53,6611,7886
hdd,write,4M,64,1,,,,,,20,83.8,3054.31,4279,5671
hdd,write,4M,64,158,,,,,,15,62.4,4099.08,6141,7349
hdd,write,4M,64,316,,,,,,11,46.9,5449.32,8221,11208
hdd,write,4M,64,500,,,,,,8,33.1,7730.45,10805,14563
hdd,write,4M,64,600,,,,,,7,30.3,8436.85,12013,15905
hdd,write,4M,128,1,,,,,,20,83.7,6113.73,8087,11342
hdd,write,4M,128,158,,,,,,15,60.3,8483.67,11610,17113
hdd,write,4M,128,316,,,,,,11,45.2,11320.71,16442,17113
hdd,write,4M,128,500,,,,,,8,32.7,15625.88,17113,17113
hdd,write,4M,128,600,,,,,,7,29.9,17080.56,17113,17113
hdd,write,4M,256,1,,,,,,21,84.6,12086.41,16040,17113
hdd,write,4M,256,158,,,,,,15,60.5,16881.07,17113,17113
hdd,write,4M,256,316,,,,,,11,45,22680.89,17113,17113
hdd,write,4M,256,500,,,,,,8,34.2,29853.42,17113,17113
hdd,write,4M,256,600,,,,,,8,33.8,30194.12,17113,17113
hdd,randread,4k,1,1,93,0.37,10.67,31.85,38.01,,,,,
hdd,randread,4k,1,158,134,0.53,7.42,11.08,24.51,,,,,
hdd,randread,4k,1,316,80,0.31,12.44,30.54,76.02,,,,,
hdd,randread,4k,1,500,72,0.28,13.83,32.64,99.09,,,,,
hdd,randread,4k,1,600,67,0.26,14.75,36.44,108.53,,,,,
hdd,randread,4k,8,1,408,1.6,19.57,48,68,,,,,
hdd,randread,4k,8,158,221,0.87,36.11,113,205,,,,,
hdd,randread,4k,8,316,157,0.61,50.84,178,330,,,,,
hdd,randread,4k,8,500,136,0.54,58.43,211,359,,,,,
hdd,randread,4k,8,600,179,0.7,44.67,159,279,,,,,
hdd,randread,4k,16,1,358,1.4,44.6,142,215,,,,,
hdd,randread,4k,16,158,261,1.02,61.15,205,351,,,,,
hdd,randread,4k,16,316,181,0.71,87.99,305,506,,,,,
hdd,randread,4k,16,500,208,0.81,76.76,262,414,,,,,
hdd,randread,4k,16,600,112,0.44,142.77,468,718,,,,,
hdd,randread,4k,32,1,404,1.58,79.13,262,435,,,,,
hdd,randread,4k,32,158,264,1.03,121.17,439,709,,,,,
hdd,randread,4k,32,316,256,1,124.55,418,634,,,,,
hdd,randread,4k,32,500,152,0.59,210.48,743,1099,,,,,
hdd,randread,4k,32,600,123,0.48,259.22,810,1217,,,,,
hdd,randread,4k,64,1,431,1.68,148.46,600,1036,,,,,
hdd,randread,4k,64,158,418,1.63,152.9,567,885,,,,,
hdd,randread,4k,64,316,201,0.79,317.02,1133,1670,,,,,
hdd,randread,4k,64,500,154,0.61,412.94,1401,1972,,,,,
hdd,randread,4k,64,600,144,0.57,441.86,1418,2056,,,,,
hdd,randread,4k,128,1,531,2.08,240.73,1150,1536,,,,,
hdd,randread,4k,128,158,301,1.18,423.94,1485,2022,,,,,
hdd,randread,4k,128,316,217,0.85,587.36,2056,2970,,,,,
hdd,randread,4k,128,500,177,0.69,720.32,2333,3037,,,,,
hdd,randread,4k,128,600,221,0.87,577.26,2123,3339,,,,,
hdd,randread,4k,256,1,431,1.69,593.4,2668,3272,,,,,
hdd,randread,4k,256,158,317,1.24,805.34,3842,5000,,,,,
hdd,randread,4k,256,316,230,0.9,1109.08,5537,7349,,,,,
hdd,randread,4k,256,500,267,1.04,958.73,3876,5000,,,,,
hdd,randread,4k,256,600,182,0.71,1400.83,6007,7148,,,,,
hdd,randread,32k,1,1,94,2.95,10.6,31.85,38.01,,,,,
hdd,randread,32k,1,158,91,2.87,10.89,28.97,36.96,,,,,
hdd,randread,32k,1,316,120,3.78,8.27,11.6,42.73,,,,,
hdd,randread,32k,1,500,70,2.21,14.16,33.16,106.43,,,,,
hdd,randread,32k,1,600,65,2.06,15.16,35.39,115.87,,,,,
hdd,randread,32k,8,1,292,9.15,27.33,81,126,,,,,
hdd,randread,32k,8,158,330,10.3,24.17,65,130,,,,,
hdd,randread,32k,8,316,177,5.53,45.17,148,296,,,,,
hdd,randread,32k,8,500,142,4.45,56.2,197,351,,,,,
hdd,randread,32k,8,600,95,2.98,83.95,305,481,,,,,
hdd,randread,32k,16,1,458,14.3,34.86,96,136,,,,,
hdd,randread,32k,16,158,242,7.59,65.89,228,393,,,,,
hdd,randread,32k,16,316,172,5.38,92.91,321,535,,,,,
hdd,randread,32k,16,500,136,4.28,116.91,409,625,,,,,
hdd,randread,32k,16,600,164,5.13,97.4,309,456,,,,,
hdd,randread,32k,32,1,384,12,83.21,292,430,,,,,
hdd,randread,32k,32,158,254,7.96,125.59,456,743,,,,,
hdd,randread,32k,32,316,187,5.85,170.8,575,818,,,,,
hdd,randread,32k,32,500,209,6.54,152.95,510,776,,,,,
hdd,randread,32k,32,600,124,3.88,258,785,1116,,,,,
hdd,randread,32k,64,1,400,12.5,159.86,617,969,,,,,
hdd,randread,32k,64,158,267,8.36,239.17,852,1385,,,,,
hdd,randread,32k,64,316,288,9,222.14,768,1183,,,,,
hdd,randread,32k,64,500,156,4.9,408.11,1452,1989,,,,,
hdd,randread,32k,64,600,139,4.37,457.97,1485,2601,,,,,
hdd,randread,32k,128,1,413,12.9,309.7,1770,3004,,,,,
hdd,randread,32k,128,158,420,13.1,304.61,1385,1955,,,,,
hdd,randread,32k,128,316,212,6.64,601.94,2165,3339,,,,,
hdd,randread,32k,128,500,171,5.35,747.84,2601,4463,,,,,
hdd,randread,32k,128,600,162,5.07,789.1,2735,4799,,,,,
hdd,randread,32k,256,1,515,16.1,496.26,3205,3540,,,,,
hdd,randread,32k,256,158,308,9.64,829.81,3809,5336,,,,,
hdd,randread,32k,256,316,241,7.54,1060.83,3775,5671,,,,,
hdd,randread,32k,256,500,203,6.37,1256.22,4665,6409,,,,,
hdd,randread,32k,256,600,229,7.16,1117.44,5604,8490,,,,,
hdd,randread,64k,1,1,89,5.56,11.23,32.64,38.54,,,,,
hdd,randread,64k,1,158,84,5.28,11.82,30.02,38.01,,,,,
hdd,randread,64k,1,316,79,4.94,12.64,30.8,80.22,,,,,
hdd,randread,64k,1,500,106,6.67,9.37,16.71,76.02,,,,,
hdd,randread,64k,1,600,64,4.03,15.49,35.91,117.97,,,,,
hdd,randread,64k,8,1,286,17.9,27.88,81,124,,,,,
hdd,randread,64k,8,158,218,13.7,36.62,115,211,,,,,
hdd,randread,64k,8,316,245,15.3,32.63,103,205,,,,,
hdd,randread,64k,8,500,116,7.27,68.78,255,422,,,,,
hdd,randread,64k,8,600,123,7.69,65.03,230,376,,,,,
hdd,randread,64k,16,1,345,21.6,46.25,150,230,,,,,
hdd,randread,64k,16,158,351,21,45.51,140,236,,,,,
hdd,randread,64k,16,316,171,10.7,93.15,317,510,,,,,
hdd,randread,64k,16,500,129,8.12,123.23,414,609,,,,,
hdd,randread,64k,16,600,119,7.49,133.48,430,617,,,,,
hdd,randread,64k,32,1,469,29.4,68.11,222,317,,,,,
hdd,randread,64k,32,158,247,15.4,129.47,456,709,,,,,
hdd,randread,64k,32,316,192,12,166.44,592,877,,,,,
hdd,randread,64k,32,500,148,9.28,215.4,768,1167,,,,,
hdd,randread,64k,32,600,187,11.7,170.93,506,776,,,,,
hdd,randread,64k,64,1,380,23.8,168,651,978,,,,,
hdd,randread,64k,64,158,259,16.2,246.99,894,1351,,,,,
hdd,randread,64k,64,316,196,12.3,325.66,1116,1653,,,,,
hdd,randread,64k,64,500,213,13.3,299.72,1070,1569,,,,,
hdd,randread,64k,64,600,142,8.92,448.28,1452,2089,,,,,
hdd,randread,64k,128,1,390,24.4,327.43,1334,2165,,,,,
hdd,randread,64k,128,158,281,17.6,454.17,1620,2937,,,,,
hdd,randread,64k,128,316,305,19.1,418.62,1770,2333,,,,,
hdd,randread,64k,128,500,178,11.2,716.31,2400,3339,,,,,
hdd,randread,64k,128,600,172,10.8,739.95,2500,4044,,,,,
hdd,randread,64k,256,1,407,25.5,628.58,3272,3708,,,,,
hdd,randread,64k,256,158,407,25.5,627.92,3842,4530,,,,,
hdd,randread,64k,256,316,237,14.8,1079.62,4010,5067,,,,,
hdd,randread,64k,256,500,205,12.9,1243.36,3742,4597,,,,,
hdd,randread,64k,256,600,191,11,1336.69,4530,6141,,,,,
hdd,randread,256k,1,1,95,23.8,10.5,21.63,28.18,,,,,
hdd,randread,256k,1,158,60,15.1,16.54,37,62,,,,,
hdd,randread,256k,1,316,55,13.9,17.94,42,93,,,,,
hdd,randread,256k,1,500,48,12.1,20.66,51,121,,,,,
hdd,randread,256k,1,600,71,17.8,14.01,33,101,,,,,
hdd,randread,256k,8,1,216,54,37.03,108,167,,,,,
hdd,randread,256k,8,158,153,38.3,52.24,161,300,,,,,
hdd,randread,256k,8,316,122,30.6,65.34,224,414,,,,,
hdd,randread,256k,8,500,139,34.8,57.5,201,342,,,,,
hdd,randread,256k,8,600,81,20.4,97.92,334,518,,,,,
hdd,randread,256k,16,1,254,63.5,62.98,201,317,,,,,
hdd,randread,256k,16,158,176,44.2,90.59,300,489,,,,,
hdd,randread,256k,16,316,195,48.8,82.04,259,439,,,,,
hdd,randread,256k,16,500,96,24.1,165.81,514,860,,,,,
hdd,randread,256k,16,600,79,19.8,202.12,625,936,,,,,
hdd,randread,256k,32,1,276,69.2,115.68,418,693,,,,,
hdd,randread,256k,32,158,272,68.1,117.49,380,709,,,,,
hdd,randread,256k,32,316,144,36.1,221.87,776,1385,,,,,
hdd,randread,256k,32,500,109,27.3,292.85,953,1670,,,,,
hdd,randread,256k,32,600,96,24,332.58,1036,1921,,,,,
hdd,randread,256k,64,1,357,89.5,178.82,776,1070,,,,,
hdd,randread,256k,64,158,192,48.2,331.83,1083,1938,,,,,
hdd,randread,256k,64,316,155,38.9,411.33,1435,2165,,,,,
hdd,randread,256k,64,500,122,30.7,521.73,1569,2265,,,,,
hdd,randread,256k,64,600,157,39.4,405.96,1368,2198,,,,,
hdd,randread,256k,128,1,284,71,450.62,1787,3473,,,,,
hdd,randread,256k,128,158,209,52.3,611.8,2140,4396,,,,,
hdd,randread,256k,128,316,165,41.4,773.51,3037,6141,,,,,
hdd,randread,256k,128,500,181,45.3,705.78,2534,4396,,,,,
hdd,randread,256k,128,600,127,31.8,1006.24,5000,10000,,,,,
hdd,randread,256k,256,1,280,70.1,912.91,6342,8658,,,,,
hdd,randread,256k,256,158,199,49.9,1283.73,8792,11745,,,,,
hdd,randread,256k,256,316,235,58.8,1088.45,4665,6342,,,,,
hdd,randread,256k,256,500,135,33.9,1888.63,11208,13221,,,,,
hdd,randread,256k,256,600,128,32.2,1984.27,12147,14563,,,,,
hdd,randwrite,4k,1,1,,,,,,38,0.15,26.09,57,186
hdd,randwrite,4k,1,158,,,,,,29,0.12,33.56,155,313
hdd,randwrite,4k,1,316,,,,,,28,0.11,34.67,150,309
hdd,randwrite,4k,1,500,,,,,,29,0.11,34.44,167,334
hdd,randwrite,4k,1,600,,,,,,18,0.07,52.76,232,477
hdd,randwrite,4k,8,1,,,,,,109,0.43,73.23,228,288
hdd,randwrite,4k,8,158,,,,,,86,0.34,92.77,259,523
hdd,randwrite,4k,8,316,,,,,,112,0.44,71.24,247,468
hdd,randwrite,4k,8,500,,,,,,44,0.18,178.17,558,877
hdd,randwrite,4k,8,600,,,,,,26,0.1,304.07,768,1250
hdd,randwrite,4k,16,1,,,,,,151,0.59,105.68,271,326
hdd,randwrite,4k,16,158,,,,,,169,0.66,94.28,268,460
hdd,randwrite,4k,16,316,,,,,,67,0.26,238.1,684,986
hdd,randwrite,4k,16,500,,,,,,41,0.16,381.92,936,1351
hdd,randwrite,4k,16,600,,,,,,47,0.19,335.58,885,1351
hdd,randwrite,4k,32,1,,,,,,227,0.89,140.9,300,355
hdd,randwrite,4k,32,158,,,,,,143,0.56,222.44,567,927
hdd,randwrite,4k,32,316,,,,,,113,0.44,282.96,751,1053
hdd,randwrite,4k,32,500,,,,,,70,0.28,452.82,1062,1552
hdd,randwrite,4k,32,600,,,,,,74,0.29,432.23,885,1301
hdd,randwrite,4k,64,1,,,,,,200,0.79,318.47,600,776
hdd,randwrite,4k,64,158,,,,,,158,0.62,404.19,944,1284
hdd,randwrite,4k,64,316,,,,,,120,0.47,529.78,1183,1569
hdd,randwrite,4k,64,500,,,,,,181,0.71,353.19,701,919
hdd,randwrite,4k,64,600,,,,,,65,0.25,979,1938,2534
hdd,randwrite,4k,128,1,,,,,,213,0.83,599.86,1200,1620
hdd,randwrite,4k,128,158,,,,,,177,0.69,722.77,1603,2106
hdd,randwrite,4k,128,316,,,,,,217,0.85,588.2,1099,1469
hdd,randwrite,4k,128,500,,,,,,92,0.36,1376.49,2769,3507
hdd,randwrite,4k,128,600,,,,,,91,0.36,1403.06,2702,3373
hdd,randwrite,4k,256,1,,,,,,233,0.91,1097.13,2534,3742
hdd,randwrite,4k,256,158,,,,,,240,0.94,1062.24,2232,3608
hdd,randwrite,4k,256,316,,,,,,158,0.62,1618.82,3239,4396
hdd,randwrite,4k,256,500,,,,,,134,0.53,1898.25,3641,4665
hdd,randwrite,4k,256,600,,,,,,125,0.49,2043.41,4144,5134
hdd,randwrite,32k,1,1,,,,,,51,1.6,19.48,27,167
hdd,randwrite,32k,1,158,,,,,,34,1.09,28.68,67,218
hdd,randwrite,32k,1,316,,,,,,19,0.62,50.56,215,435
hdd,randwrite,32k,1,500,,,,,,24,0.78,40.05,192,355
hdd,randwrite,32k,1,600,,,,,,20,0.65,48.21,234,405
hdd,randwrite,32k,8,1,,,,,,115,3.62,69.13,228,275
hdd,randwrite,32k,8,158,,,,,,128,4.01,62.39,218,334
hdd,randwrite,32k,8,316,,,,,,82,2.56,97.53,309,535
hdd,randwrite,32k,8,500,,,,,,61,1.93,129.53,443,684
hdd,randwrite,32k,8,600,,,,,,42,1.33,187.18,600,751
hdd,randwrite,32k,16,1,,,,,,149,4.67,107.07,275,326
hdd,randwrite,32k,16,158,,,,,,156,4.89,102.23,279,447
hdd,randwrite,32k,16,316,,,,,,89,2.79,179.31,542,768
hdd,randwrite,32k,16,500,,,,,,41,1.29,385.95,877,1217
hdd,randwrite,32k,16,600,,,,,,67,2.1,238.24,642,768
hdd,randwrite,32k,32,1,,,,,,164,5.15,194.31,368,456
hdd,randwrite,32k,32,158,,,,,,171,5.34,187.08,460,751
hdd,randwrite,32k,32,316,,,,,,103,3.23,309.66,743,1003
hdd,randwrite,32k,32,500,,,,,,141,4.43,225.51,558,701
hdd,randwrite,32k,64,158,,,,,,198,6.21,321.87,625,835
hdd,randwrite,32k,64,316,,,,,,130,4.08,490.77,1003,1334
hdd,randwrite,32k,64,500,,,,,,67,2.11,947.02,1871,2400
hdd,randwrite,32k,64,600,,,,,,100,3.15,635.76,1083,1318
hdd,randwrite,32k,128,1,,,,,,199,6.23,642.33,1070,1452
hdd,randwrite,32k,128,158,,,,,,203,6.36,628.97,1116,1385
hdd,randwrite,32k,128,316,,,,,,123,3.85,1037.67,2005,2635
hdd,randwrite,32k,128,500,,,,,,119,3.73,1071.42,1955,2467
hdd,randwrite,32k,128,600,,,,,,82,2.57,1555.03,3037,4111
hdd,randwrite,32k,256,1,,,,,,235,7.35,1087.71,2433,4111
hdd,randwrite,32k,256,158,,,,,,162,5.07,1578.28,3473,4665
hdd,randwrite,32k,256,316,,,,,,171,5.35,1494.06,3608,4799
hdd,randwrite,32k,256,500,,,,,,119,3.75,2134.39,4933,7013
hdd,randwrite,32k,256,600,,,,,,112,3.51,2278.74,9597,10939
hdd,randwrite,64k,1,1,,,,,,23,1.49,41.86,51,83
hdd,randwrite,64k,1,158,,,,,,18,1.17,53.27,91,376
hdd,randwrite,64k,1,316,,,,,,14,0.91,69.05,266,542
hdd,randwrite,64k,1,500,,,,,,16,1.01,61.98,203,317
hdd,randwrite,64k,1,600,,,,,,14,0.93,67.14,220,342
hdd,randwrite,64k,8,1,,,,,,65,4.09,122.13,192,266
hdd,randwrite,64k,8,158,,,,,,54,3.38,147.86,393,726
hdd,randwrite,64k,8,316,,,,,,43,2.69,185.52,592,877
hdd,randwrite,64k,8,500,,,,,,36,2.29,218.22,523,709
hdd,randwrite,64k,8,600,,,,,,20,1.26,395.43,835,1284
hdd,randwrite,64k,16,1,,,,,,117,7.34,136.16,222,288
hdd,randwrite,64k,16,158,,,,,,92,5.77,173.27,460,852
hdd,randwrite,64k,16,316,,,,,,63,3.98,251.32,659,1036
hdd,randwrite,64k,16,500,,,,,,38,2.43,412.2,911,1720
hdd,randwrite,64k,16,600,,,,,,30,1.93,517.68,1133,1536
hdd,randwrite,64k,32,1,,,,,,167,10.4,191.39,309,401
hdd,randwrite,64k,32,158,,,,,,126,7.92,252.67,667,1150
hdd,randwrite,64k,32,316,,,,,,74,4.66,429.43,961,2299
hdd,randwrite,64k,32,500,,,,,,50,3.15,635.04,1435,2500
hdd,randwrite,64k,32,600,,,,,,36,2.27,881.45,1620,2039
hdd,randwrite,64k,64,1,,,,,,202,12.7,315.58,558,768
hdd,randwrite,64k,64,158,,,,,,144,9.04,442.49,1133,1770
hdd,randwrite,64k,64,316,,,,,,99,6.2,645.39,1569,3809
hdd,randwrite,64k,64,500,,,,,,81,5.08,786.44,1854,4245
hdd,randwrite,64k,64,600,,,,,,67,4.19,955.1,1720,2198
hdd,randwrite,64k,128,1,,,,,,219,13.7,583.47,1150,1703
hdd,randwrite,64k,128,158,,,,,,158,9.88,809.69,1905,2769
hdd,randwrite,64k,128,316,,,,,,125,7.83,1020.99,2735,5403
hdd,randwrite,64k,128,500,,,,,,89,5.61,1426.92,3473,9329
hdd,randwrite,64k,128,600,,,,,,87,5.48,1460.61,3540,4732
hdd,randwrite,64k,256,1,,,,,,226,14.2,1127.86,2735,3977
hdd,randwrite,64k,256,158,,,,,,173,10.8,1479.2,3775,8087
hdd,randwrite,64k,256,316,,,,,,141,8.81,1814.9,6342,10671
hdd,randwrite,64k,256,500,,,,,,105,6.61,2421.71,8792,12416
hdd,randwrite,64k,256,600,,,,,,105,6.6,2425.2,6678,10402
hdd,randwrite,256k,1,1,,,,,,19,4.94,50.65,67,109
hdd,randwrite,256k,1,158,,,,,,17,4.39,56.88,93,262
hdd,randwrite,256k,1,316,,,,,,15,3.88,64.48,159,317
hdd,randwrite,256k,1,500,,,,,,7,1.93,129.31,468,676
hdd,randwrite,256k,1,600,,,,,,12,3.07,81.3,259,363
hdd,randwrite,256k,8,1,,,,,,57,14.3,140.08,226,275
hdd,randwrite,256k,8,158,,,,,,40,10.2,196.85,550,911
hdd,randwrite,256k,8,316,,,,,,27,6.96,287.25,760,1200
hdd,randwrite,256k,8,500,,,,,,21,5.32,375.93,793,1653
hdd,randwrite,256k,8,600,,,,,,20,5.15,388.48,785,1200
hdd,randwrite,256k,16,1,,,,,,70,17.7,225.97,355,447
hdd,randwrite,256k,16,158,,,,,,55,13.9,288.12,793,1267
hdd,randwrite,256k,16,316,,,,,,51,12.9,308.95,676,986
hdd,randwrite,256k,16,500,,,,,,25,6.39,625.71,1318,2165
hdd,randwrite,256k,16,600,,,,,,16,4.01,996.92,1821,2265
hdd,randwrite,256k,32,1,,,,,,85,21.5,372.8,625,835
hdd,randwrite,256k,32,158,,,,,,70,17.6,454.5,1020,1401
hdd,randwrite,256k,32,500,,,,,,32,8.21,974.28,2022,5067
hdd,randwrite,256k,32,600,,,,,,24,6.21,1288.37,2265,2836
hdd,randwrite,256k,64,1,,,,,,95,23.8,672.53,1217,1720
hdd,randwrite,256k,64,158,,,,,,78,19.7,810.59,1787,2567
hdd,randwrite,256k,64,316,,,,,,59,14.9,1076.61,2635,5738
hdd,randwrite,256k,64,500,,,,,,42,10.6,1502.42,3775,7349
hdd,randwrite,256k,64,600,,,,,,38,9.7,1648.5,3373,4530
hdd,randwrite,256k,128,1,,,,,,101,25.5,1256.25,3876,6409
hdd,randwrite,256k,128,158,,,,,,78,19.6,1630,5000,7752
hdd,randwrite,256k,128,316,,,,,,63,15,2001.38,5201,12147
hdd,randwrite,256k,128,500,,,,,,49,12.5,2564.03,9329,14563
hdd,randwrite,256k,128,600,,,,,,56,14.1,2265.32,9194,11342
hdd,randwrite,256k,256,1,,,,,,101,25.4,2516.35,12416,14697
hdd,randwrite,256k,256,158,,,,,,79,19.9,3217.64,9731,13489
hdd,randwrite,256k,256,316,,,,,,69,17.4,3680.12,12013,14966
hdd,randwrite,256k,256,500,,,,,,59,14.8,4314.44,15100,17113
hdd,randwrite,256k,256,600,,,,,,66,16.7,3835.66,16308,17113
hdd,randwrite,1M,1,1,,,,,,15,15.2,65.89,94,126
hdd,randwrite,1M,1,158,,,,,,12,12.2,82.05,192,523
hdd,randwrite,1M,1,316,,,,,,10,10.2,98.48,351,510
hdd,randwrite,1M,1,500,,,,,,6,6.12,163.34,435,617
hdd,randwrite,1M,1,600,,,,,,8,8.85,112.95,305,422
hdd,randwrite,1M,8,1,,,,,,34,34.2,233.84,368,464
hdd,randwrite,1M,8,158,,,,,,29,29.1,275.27,642,927
hdd,randwrite,1M,8,316,,,,,,22,22.7,352.17,785,1062
hdd,randwrite,1M,8,500,,,,,,13,13.3,601.61,1267,1938
hdd,randwrite,1M,8,600,,,,,,10,10.3,777.68,1502,1905
hdd,randwrite,1M,16,1,,,,,,42,42.7,374.57,634,818
hdd,randwrite,1M,16,158,,,,,,34,34.7,460.85,953,1334
hdd,randwrite,1M,16,316,,,,,,23,23.1,691.74,1435,1938
hdd,randwrite,1M,16,500,,,,,,14,14,1069.7,2089,4329
hdd,randwrite,1M,16,600,,,,,,18,18.3,873.66,1620,2140
hdd,randwrite,1M,32,1,,,,,,45,45.1,709.28,1284,1871
hdd,randwrite,1M,32,158,,,,,,36,36.1,887.2,1703,2232
hdd,randwrite,1M,32,316,,,,,,26,26.4,1212.54,2567,3910
hdd,randwrite,1M,32,500,,,,,,20,20.3,1576.69,4044,6409
hdd,randwrite,1M,32,600,,,,,,20,20.4,1568.03,3171,4329
hdd,randwrite,1M,64,1,,,,,,44,44.6,1434.42,3775,5604
hdd,randwrite,1M,64,158,,,,,,35,35.4,1809.33,4597,7148
hdd,randwrite,1M,64,316,,,,,,31,31,2000.05,5134,6812
hdd,randwrite,1M,64,500,,,,,,26,26.5,2414.17,7617,11208
hdd,randwrite,1M,64,600,,,,,,24,24.2,2639.39,6946,10671
hdd,randwrite,1M,128,1,,,,,,44,44.7,2862.65,6812,8154
hdd,randwrite,1M,128,158,,,,,,37,37,3456.99,8926,15100
hdd,randwrite,1M,128,316,,,,,,33,33,3768.01,11745,14966
hdd,randwrite,1M,128,500,,,,,,26,26.7,4798.67,15771,17113
hdd,randwrite,1M,128,600,,,,,,28,28.4,4499.96,12147,17113
hdd,randwrite,1M,256,1,,,,,,46,46.7,5483.95,10671,14295
hdd,randwrite,1M,256,158,,,,,,38,38.2,6701.56,13892,16845
hdd,randwrite,1M,256,316,,,,,,30,30.7,8321.17,17113,17113
hdd,randwrite,1M,256,500,,,,,,30,30.2,8474.93,17113,17113
hdd,randwrite,1M,256,600,,,,,,27,27.6,9255.7,17113,17113
hdd,randwrite,2M,1,1,,,,,,13,26,76.85,103,132
hdd,randwrite,2M,1,316,,,,,,8,16.2,123.15,388,567
hdd,randwrite,2M,1,500,,,,,,6,12.6,158.47,460,617
hdd,randwrite,2M,1,600,,,,,,2,5.36,373.23,802,1028
hdd,randwrite,2M,8,1,,,,,,25,50.8,314.93,510,642
hdd,randwrite,2M,8,158,,,,,,20,41.3,387.57,818,1083
hdd,randwrite,2M,8,316,,,,,,17,34.9,458.47,894,1083
hdd,randwrite,2M,8,500,,,,,,11,22.1,724.57,1552,1938
hdd,randwrite,2M,8,600,,,,,,8,16.2,985.58,1804,2165
hdd,randwrite,2M,16,1,,,,,,27,55.4,577.93,969,1234
hdd,randwrite,2M,16,158,,,,,,23,46.6,686.14,1301,1754
hdd,randwrite,2M,16,316,,,,,,16,33.7,950.52,1871,2467
hdd,randwrite,2M,16,500,,,,,,12,25.8,1238.22,2400,3406
hdd,randwrite,2M,16,600,,,,,,10,21.2,1507.95,2635,3272
hdd,randwrite,2M,32,1,,,,,,29,58.7,1090.34,2265,4396
hdd,randwrite,2M,32,158,,,,,,23,46,1361.56,2802,3977
hdd,randwrite,2M,32,316,,,,,,20,40.5,1580.46,3406,5940
hdd,randwrite,2M,32,500,,,,,,15,30.8,2079.87,4933,7617
hdd,randwrite,2M,32,600,,,,,,14,29,2203.05,5940,10268
hdd,randwrite,2M,64,1,,,,,,28,57.1,2240.76,5201,8288
hdd,randwrite,2M,64,158,,,,,,23,47.5,2691.92,6678,8658
hdd,randwrite,2M,64,316,,,,,,20,41.6,3076.23,7684,15100
hdd,randwrite,2M,64,500,,,,,,18,36.7,3482.92,9731,14429
hdd,randwrite,2M,64,600,,,,,,16,33.5,3823,10268,12416
hdd,randwrite,2M,128,1,,,,,,28,57.7,4436.53,8154,11745
hdd,randwrite,2M,128,158,,,,,,23,47.5,5381.88,9060,12013
hdd,randwrite,2M,128,316,,,,,,20,41.3,6194.76,12550,17113
hdd,randwrite,2M,128,500,,,,,,17,34.6,7381.9,15503,17113
hdd,randwrite,2M,128,600,,,,,,15,31.6,8082.25,17113,17113
hdd,randwrite,2M,256,1,,,,,,28,56.6,9034.74,14966,17113
hdd,randwrite,2M,256,158,,,,,,24,49.2,10394.3,16845,17113
hdd,randwrite,2M,256,316,,,,,,19,39.2,13055.95,17113,17113
hdd,randwrite,2M,256,500,,,,,,17,34.1,14998.49,17113,17113
hdd,randwrite,2M,256,600,,,,,,16,33.1,15466.04,17113,17113
hdd,randwrite,4M,1,1,,,,,,10,41.8,95.69,131,165
hdd,randwrite,4M,1,158,,,,,,7,31,125.01,338,527
hdd,randwrite,4M,1,316,,,,,,6,27.4,145.79,426,592
hdd,randwrite,4M,1,500,,,,,,6,27,148.05,359,510
hdd,randwrite,4M,1,600,,,,,,3,13.3,301.53,609,1183
hdd,randwrite,4M,8,1,,,,,,16,67.1,476.6,785,1036
hdd,randwrite,4M,8,158,,,,,,13,55.9,571.96,1133,1519
hdd,randwrite,4M,8,316,,,,,,11,44.5,719.42,1351,1687
hdd,randwrite,4M,8,500,,,,,,7,30.1,1062.64,1921,2702
hdd,randwrite,4M,8,600,,,,,,6,26.7,1195.3,2165,2735
hdd,randwrite,4M,16,1,,,,,,17,69.3,923.61,1586,2056
hdd,randwrite,4M,16,158,,,,,,14,57.9,1104.98,2056,2635
hdd,randwrite,4M,16,316,,,,,,11,47.6,1342.64,2534,3440
hdd,randwrite,4M,16,500,,,,,,8,35,1778.69,3708,8087
hdd,randwrite,4M,16,600,,,,,,8,33.1,1932.8,4732,8356
hdd,randwrite,4M,32,1,,,,,,17,68.3,1872.69,3675,5537
hdd,randwrite,4M,32,158,,,,,,14,57.9,2207.99,4665,6275
hdd,randwrite,4M,32,316,,,,,,12,50.5,2531.33,5134,7886
hdd,randwrite,4M,32,500,,,,,,9,39.4,3245.39,10134,14832
hdd,randwrite,4M,32,600,,,,,,10,40.7,3139.8,8926,12684
hdd,randwrite,4M,64,1,,,,,,17,68,3761.04,6007,8423
hdd,randwrite,4M,64,158,,,,,,14,57.8,4425.06,7148,11342
hdd,randwrite,4M,64,316,,,,,,12,50.3,5086,8926,10939
hdd,randwrite,4M,64,500,,,,,,10,40.1,6384.27,10805,17113
hdd,randwrite,4M,64,600,,,,,,9,39.3,6506.3,12416,17113
hdd,randwrite,4M,128,1,,,,,,17,68.5,7462.71,11476,17113
hdd,randwrite,4M,128,158,,,,,,14,56.8,9001.83,12818,17113
hdd,randwrite,4M,128,316,,,,,,12,49.1,10403.72,15637,17113
hdd,randwrite,4M,128,500,,,,,,9,39.5,12928.59,17113,17113
hdd,randwrite,4M,128,600,,,,,,9,37,13459.29,17113,17113
hdd,randwrite,4M,256,1,,,,,,17,68.2,14981.75,17113,17113
hdd,randwrite,4M,256,158,,,,,,13,55.7,18355.3,17113,17113
hdd,randwrite,4M,256,316,,,,,,12,49.1,20804.12,17113,17113
hdd,randwrite,4M,256,500,,,,,,8,35.2,29063.56,17113,17113
hdd,randwrite,4M,256,600,,,,,,9,37,26910.66,17113,17113
hdd,rw,4k,1,1,96,0.38,1.33,2.74,12.52,97,0.38,8.97,23,31
hdd,rw,4k,1,158,74,0.29,1.57,3.49,13.7,74,0.29,11.91,26,103
hdd,rw,4k,1,316,59,0.23,1.72,3.72,14.62,59,0.23,15.12,36,205
hdd,rw,4k,1,500,27,0.11,3.32,9.11,36.96,27,0.11,33.14,155,527
hdd,rw,4k,1,600,14,0.06,3.03,12.12,39.58,14,0.06,64.9,186,243
hdd,rw,4k,8,1,198,0.77,17.85,46.4,65.8,197,0.77,22.56,55,77
hdd,rw,4k,8,158,135,0.53,25.87,60.03,233.83,135,0.53,33.07,74,359
hdd,rw,4k,8,316,77,0.3,45.34,202.38,583.01,77,0.3,58.34,279,693
hdd,rw,4k,8,500,47,0.19,72.44,308.28,530.58,47,0.18,96.45,393,642
hdd,rw,4k,8,600,104,0.41,33.81,168.82,274.73,104,0.41,42.89,207,317
hdd,rw,4k,16,1,200,0.78,37.78,85.46,113.77,200,0.78,42.11,92,122
hdd,rw,4k,16,158,164,0.64,45.69,100.14,299.89,165,0.65,51.24,110,326
hdd,rw,4k,16,316,139,0.54,53.78,166.72,379.58,139,0.54,61.05,209,422
hdd,rw,4k,16,500,111,0.43,67.65,287.31,459.28,110,0.43,76.37,313,477
hdd,rw,4k,16,600,27,0.11,272.13,910.16,1333.79,27,0.11,308.95,978,1469
hdd,rw,4k,32,1,190,0.75,81.91,157,194,190,0.74,85.9,161,201
hdd,rw,4k,32,158,135,0.53,115.6,246.42,968.88,135,0.53,120.62,259,986
hdd,rw,4k,32,316,90,0.35,172.32,801.11,1027.61,90,0.35,181.74,852,1053
hdd,rw,4k,32,500,29,0.12,519.02,1061.16,1451.23,30,0.12,548.55,1083,1603
hdd,rw,4k,32,600,8,0.03,1707.06,2970,5470,9,0.04,1793.04,3205,3876
hdd,rw,4k,64,1,175,0.69,180.82,287.31,337.64,175,0.69,183.95,292,342
hdd,rw,4k,64,158,117,0.46,268.8,995,1385,116,0.46,278.17,1062,1401
hdd,rw,4k,64,316,116,0.46,269.99,860,953,115,0.45,279.95,877,961
hdd,rw,4k,64,500,89,0.35,354.32,726,793,89,0.35,362.57,726,802
hdd,rw,4k,64,600,84,0.33,376.18,726,802,84,0.33,381.24,735,810
hdd,rw,4k,128,1,147,0.58,430.09,650.12,868.22,147,0.58,435.37,659,902
hdd,rw,4k,128,158,156,0.61,405.64,784.34,901.78,157,0.61,409.74,793,911
hdd,rw,4k,128,316,134,0.52,473.14,926.94,1061.16,134,0.52,480.31,936,1062
hdd,rw,4k,128,500,40,0.16,1605.22,2265,2903,40,0.16,1558.79,2299,3037
hdd,rw,4k,128,600,77,0.3,825.45,1234,1519,77,0.3,827.28,1250,1552
hdd,rw,4k,256,1,121,0.47,1056.59,1451.23,1736.44,121,0.47,1053.96,1452,1754
hdd,rw,4k,256,158,82,0.32,1559.19,2567,2836,82,0.32,1538.4,2567,2836
hdd,rw,4k,256,316,89,0.35,1447.87,1921,2265,89,0.35,1421.11,1938,2299
hdd,rw,4k,256,500,21,0.09,5953.16,8658,12684,22,0.09,5621.31,9194,12953
hdd,rw,4k,256,600,23,0.09,5772.7,9329,12147,23,0.09,5288,9060,11073
hdd,rw,4k,512,1,120,0.47,2137.5,3372.22,3640.66,119,0.47,2131.13,3373,3675
hdd,rw,4k,512,158,100,0.39,2569.6,3943,4665,100,0.39,2530.15,3943,4665
hdd,rw,4k,512,316,75,0.29,3442.2,5336,6678,75,0.29,3372.64,5403,6879
hdd,rw,4k,512,500,88,0.35,2917.44,4530,5134,88,0.35,2868.46,4530,5134
hdd,rw,4k,512,600,21,0.09,12216.79,17113,17113,22,0.09,11004.3,17113,17113
hdd,rw,32k,1,1,66,2.06,1.61,7.37,12.39,66,2.07,13.52,33,45
hdd,rw,32k,1,158,51,1.61,1.63,5.34,13.7,51,1.6,17.86,44,157
hdd,rw,32k,1,316,55,1.73,1.64,5.67,14.22,54,1.71,16.56,40,138
hdd,rw,32k,1,500,44,1.39,1.79,4.95,16.58,44,1.39,20.72,70,161
hdd,rw,32k,1,600,8,0.25,8.76,37.49,147.85,8,0.26,110.85,388,600
hdd,rw,32k,8,1,121,3.8,24.74,66.32,98.04,121,3.78,41.24,84,115
hdd,rw,32k,8,158,93,2.93,32.81,84.41,316.67,93,2.93,52.39,118,426
hdd,rw,32k,8,316,68,2.15,43.2,189.79,459.28,68,2.15,73.07,275,567
hdd,rw,32k,8,500,34,1.08,77.77,371.2,650.12,34,1.09,152.12,514,751
hdd,rw,32k,8,600,13,0.43,191.87,700.45,926.94,14,0.45,371.92,860,1167
hdd,rw,32k,16,1,124,3.89,50.91,119.01,154.14,124,3.89,77.55,140,178
hdd,rw,32k,16,158,104,3.26,63.74,141.56,333.45,104,3.26,89.59,176,401
hdd,rw,32k,16,316,69,2.19,94.12,471.86,801.11,70,2.19,134.35,575,835
hdd,rw,32k,16,500,27,0.86,223.7,859.83,1132.46,27,0.86,357.19,927,1267
hdd,rw,32k,16,600,81,2.56,77.54,312.48,450.89,81,2.56,117.64,393,481
hdd,rw,32k,32,1,129,4.05,109.1,227.54,278.92,129,4.05,137.71,245,300
hdd,rw,32k,32,158,106,3.34,140.27,320.87,608.17,106,3.33,159.33,342,617
hdd,rw,32k,32,316,69,2.17,213.46,767.56,1061.16,69,2.17,248.16,844,1099
hdd,rw,32k,32,500,32,1,475.92,1367.34,1954.55,32,1.01,517.39,1418,1989
hdd,rw,32k,32,600,30,0.96,498.19,1484.78,2038.43,31,0.97,534.08,1418,2165
hdd,rw,32k,64,1,134,4.19,224.65,463.47,557.84,133,4.19,252.96,493,592
hdd,rw,32k,64,158,98,3.08,326.02,1249.9,1468.01,98,3.08,323.2,1250,1485
hdd,rw,32k,64,316,107,3.35,300.98,725.62,834.67,107,3.35,295.62,735,860
hdd,rw,32k,64,500,47,1.48,769.32,1887.44,2164.26,47,1.47,585.55,1804,2165
hdd,rw,32k,64,600,19,0.61,1893.56,4731.18,6006.24,19,0.62,1370.31,4665,5738
hdd,rw,32k,128,1,162,5.07,393.46,868.22,1052.77,162,5.08,393.95,902,1099
hdd,rw,32k,128,158,144,4.51,431.71,1069.55,1283.46,144,4.52,453.67,1099,1334
hdd,rw,32k,128,316,105,3.29,640.62,1434.45,1719.66,105,3.29,576.18,1452,1703
hdd,rw,32k,128,500,44,1.38,1855.37,4245,5336,44,1.38,1041.36,3473,5067
hdd,rw,32k,128,600,30,0.95,2805.45,6476.01,8925.48,30,0.96,1388.75,5336,8221
hdd,rw,32k,256,1,178,5.59,737.92,1568.67,1937.77,179,5.6,692,1636,2039
hdd,rw,32k,256,158,128,4.02,992.55,2499.81,2969.57,128,4.01,1001.57,2534,2937
hdd,rw,32k,256,316,100,3.13,1365.76,2936.01,3573.55,100,3.13,1187.99,2903,3339
hdd,rw,32k,256,500,108,3.39,1248.42,2701.13,3271.56,108,3.39,1110.47,2735,3239
hdd,rw,32k,256,600,30,0.95,5696.84,16308,17113,30,0.96,2677.3,10805,17113
hdd,rw,32k,512,1,190,5.94,1395.46,3003.12,3539.99,190,5.94,1297.2,3071,3842
hdd,rw,32k,512,158,142,4.45,1766.41,3875.54,4731.18,142,4.46,1825.58,4044,5201
hdd,rw,32k,512,316,121,3.78,2139.22,4799,5604,120,3.77,2098.96,5000,6342
hdd,rw,32k,512,500,73,2.29,3812.24,8287.94,9999.22,73,2.29,3167.45,8658,10939
hdd,rw,32k,512,600,46,1.46,6878.93,16040,17113,46,1.46,4089.96,14563,17113
hdd,rw,64k,1,1,57,3.59,2.07,8.59,15.14,57,3.58,15.39,25,38
hdd,rw,64k,1,158,50,3.17,2.34,8.46,15.93,50,3.17,17.37,30,99
hdd,rw,64k,1,316,32,2.05,3.73,10.95,38.01,32,2.06,26.62,104,268
hdd,rw,64k,1,500,4,0.25,33.37,139.46,362.81,4,0.27,202.7,542,693
hdd,rw,64k,1,600,11,0.72,11.16,44.3,158.34,12,0.76,71.58,253,359
hdd,rw,64k,8,1,136,8.53,22.05,59.51,82.31,136,8.52,36.62,73,104
hdd,rw,64k,8,158,105,6.56,28.52,70.78,283.12,105,6.56,47.66,111,405
hdd,rw,64k,8,316,104,6.54,28.96,81.27,250.61,104,6.54,47.5,142,317
hdd,rw,64k,8,500,67,4.21,40.47,217.06,488.64,67,4.22,78.12,313,535
hdd,rw,64k,8,600,15,0.94,156.78,801.11,1233.13,15,0.97,362.05,936,1385
hdd,rw,64k,16,1,155,9.71,43.29,110.62,149.95,155,9.71,59.67,126,171
hdd,rw,64k,16,158,133,8.31,49.44,125.31,308.28,132,8.31,70.87,155,372
hdd,rw,64k,16,316,101,6.35,64.25,229.64,616.56,101,6.36,93.1,338,676
hdd,rw,64k,16,500,39,2.47,142.45,734,1132.46,39,2.48,260.87,768,1183
hdd,rw,64k,16,600,30,1.92,171.99,851.44,1484.78,30,1.94,346.18,969,1620
hdd,rw,64k,32,1,172,10.8,82.85,212.86,274.73,172,10.8,102.92,236,296
hdd,rw,64k,32,158,154,9.67,92.22,242.22,476.05,154,9.68,114.52,275,523
hdd,rw,64k,32,316,120,7.51,116.42,450.89,708.84,119,7.48,150.47,542,743
hdd,rw,64k,32,500,42,2.63,357.93,1417.67,2264.93,42,2.64,400.75,1385,2299
hdd,rw,64k,32,600,31,1.99,438.64,1988.1,2936.01,31,2,564.29,1838,3205
hdd,rw,64k,64,1,193,12.1,159.35,413.14,541.07,193,12.1,171.84,472,592
hdd,rw,64k,64,158,135,8.44,218.33,826.28,1400.9,134,8.43,255.77,860,1351
hdd,rw,64k,64,316,130,8.17,215.08,700.45,1002.44,130,8.18,274.23,810,1070
hdd,rw,64k,64,500,48,3.01,718.06,2298.48,4596.96,48,3.01,610.66,2140,4044
hdd,rw,64k,64,600,70,4.4,428.15,1233.13,1803.55,70,4.41,479.87,1536,1871
hdd,rw,64k,128,1,219,13.7,282.49,726,1020,218,13.7,301.31,818,1083
hdd,rw,64k,128,158,159,9.97,383.47,1350.57,1853.88,159,9.99,417.95,1368,1737
hdd,rw,64k,128,316,114,7.16,537.03,1535.12,1904.21,113,7.1,585.04,1586,1989
hdd,rw,64k,128,500,65,4.12,1004.07,2936.01,4211.08,66,4.13,934.51,3104,4279
hdd,rw,64k,128,600,41,2.59,1910.22,5604,7617,41,2.59,1177.57,3608,6477
hdd,rw,64k,256,1,241,15.1,518.09,1368,1989,240,15,544.62,1519,1972
hdd,rw,64k,256,158,176,11,743.33,2265,3004,176,11,707.46,2106,2702
hdd,rw,64k,256,316,124,7.77,1013.56,2668,4077,124,7.76,1048.01,2869,3775
hdd,rw,64k,256,500,74,4.64,1779.89,5000,9731,74,4.63,1669.51,5336,7416
hdd,rw,64k,256,600,47,2.96,3287.35,9329,12684,47,2.95,2122.39,7617,13221
hdd,rw,64k,512,1,300,18.8,822.47,2333,3071,299,18.7,885.75,2567,3306
hdd,rw,64k,512,158,246,15.4,1021.27,2970,3910,245,15.3,1057.95,3004,3641
hdd,rw,64k,512,316,127,7.96,1999.07,5201,8356,127,7.95,2022.44,5671,7886
hdd,rw,64k,512,500,74,4.68,3629.07,10402,15234,74,4.67,3217.28,10134,13489
hdd,rw,64k,512,600,60,3.78,4442.58,14159.97,17112.76,60,3.78,4030.62,15771,17113
hdd,rw,256k,1,1,42,10.6,4.17,12.12,17.43,42,10.7,19.28,29,47
hdd,rw,256k,1,158,28,7.24,6.4,14.88,38.54,29,7.3,27.9,47,215
hdd,rw,256k,1,316,30,7.62,6.26,15.79,45.88,30,7.7,26.25,79,174
hdd,rw,256k,1,500,26,6.65,7.19,18.74,69.73,26,6.69,30.19,114,220
hdd,rw,256k,1,600,12,3.24,15.17,68.68,198.18,13,3.38,59.48,288,447
hdd,rw,256k,8,1,87,21.8,25.99,82.31,115.87,87,21.8,65.74,114,150
hdd,rw,256k,8,158,66,16.6,29.14,83.36,208.67,66,16.7,90.94,257,550
hdd,rw,256k,8,316,67,16,31.18,98.04,248.51,67,16,86.66,218,401
hdd,rw,256k,8,500,42,10.6,34.87,139.46,295.7,42,10.6,154.21,418,558
hdd,rw,256k,8,600,15,3.79,95.7,383.78,809.5,15,3.94,415.3,869,1284
hdd,rw,256k,16,1,111,27,47.11,152.04,219.15,111,27.9,96.19,188,259
hdd,rw,256k,16,158,88,22.2,53.68,175.11,337.64,89,22.3,126.05,326,617
hdd,rw,256k,16,316,75,18.9,58.92,202.38,484.44,75,18.9,152.42,460,676
hdd,rw,256k,16,500,32,8.09,97.42,341.84,700.45,32,8.12,395.34,768,1003
hdd,rw,256k,16,600,24,6.12,137.78,471.86,918.55,24,6.18,510.92,1133,1502
hdd,rw,256k,32,1,122,30.7,96.43,287.31,421.53,122,30.7,164.26,359,493
hdd,rw,256k,32,158,92,23.2,117.11,387.97,859.83,92,23.2,228.31,592,953
hdd,rw,256k,32,316,59,14.9,148.24,591.4,1132.46,59,14.8,390.24,944,1385
hdd,rw,256k,32,500,39,9,203.28,683.67,1233.13,40,10,594.18,1167,1720
hdd,rw,256k,32,600,26,6.5,270.25,817.89,1719.66,26,6.57,949.7,1854,2400
hdd,rw,256k,64,1,132,33.1,182.23,510,768,132,33.1,301.2,676,961
hdd,rw,256k,64,158,101,25.3,234.51,835,1435,101,25.4,396.27,1116,1620
hdd,rw,256k,64,316,80,20.1,263.59,910.16,1501.56,80,20,534.84,1368,1838
hdd,rw,256k,64,500,43,10.9,450.8,1334,2198,43,10.9,1016.03,2089,2869
hdd,rw,256k,64,600,44,11,544.69,1435,2333,44,11,906.45,1720,2500
hdd,rw,256k,128,1,137,34.5,369.03,1083,1569,137,34.4,560.4,1334,1871
hdd,rw,256k,128,158,95,23,539.5,1703,2433,95,23,795.17,2005,2635
hdd,rw,256k,128,316,72,18.2,698.37,2106,3440,72,18.2,1060.68,2668,3977
hdd,rw,256k,128,500,58,14.5,937.31,2769,4279,57,14.5,1269.94,3138,4329
hdd,rw,256k,128,600,42,10.6,1226.23,3037,4597,42,10.6,1779.03,3339,4799
hdd,rw,256k,256,1,129,32.5,873.36,2534,3507,129,32.4,1098.86,2836,3977
hdd,rw,256k,256,158,89,22.4,1272.98,3675,5470,89,22.5,1579.96,3842,5671
hdd,rw,256k,256,316,75,18.9,1551.31,4396,7013,75,18.9,1833.51,4799,7080
hdd,rw,256k,256,500,55,13,2078.12,5604,8658,55,13.9,2507.62,6007,8221
hdd,rw,256k,256,600,49,12.5,2384.19,6007,9731,49,12.5,2735.51,6342,10939
hdd,rw,256k,512,1,123,30.9,1966.04,5336,7550,123,30.9,2171.9,5470,7684
hdd,rw,256k,512,158,91,22.9,2717.37,7148,10671,91,22.9,2861.28,6946,10134
hdd,rw,256k,512,316,63,15.9,3829.16,9866,17113,63,15,4197.28,10402,17113
hdd,rw,256k,512,500,53,13.5,4604.19,12953,15905,53,13.4,4925.74,12684,16174
hdd,rw,256k,512,600,48,12,5213.28,15637,17113,47,11,5449.98,15905,17113
hdd,rw,1M,1,1,16,16.6,13.91,31.07,41.68,17,17.3,44.51,82,125
hdd,rw,1M,1,158,14,14.1,17.58,35,78,14,14.6,51.5,102,271
hdd,rw,1M,1,316,7,7.12,29.8,107,309,7,7.44,105.87,363,709
hdd,rw,1M,1,500,4,4.38,44.21,144,326,4,4.61,174.75,468,760
hdd,rw,1M,1,600,6,6.14,31,122,230,6,6.34,127.76,359,489
hdd,rw,1M,8,1,28,28.7,60.49,155,218,28,28.9,216.62,342,426
hdd,rw,1M,8,158,21,21.9,75.56,220,493,22,22.3,284.49,751,1217
hdd,rw,1M,8,316,19,19,81.42,255,485,19,19.6,328.82,709,927
hdd,rw,1M,8,500,7,7.27,216.88,894,2072,7,7.64,839.9,2056,2601
hdd,rw,1M,8,600,5,5.04,314.78,1133,2165,5,5.32,1204.87,2500,3842
hdd,rw,1M,16,1,33,33.3,102.46,279,405,33,33.5,376.12,575,684
hdd,rw,1M,16,158,25,25.6,132.51,405,802,25,25.8,488.02,1099,1485
hdd,rw,1M,16,316,15,15.3,219.31,810,1217,16,16.1,786.44,1636,1989
hdd,rw,1M,16,500,8,8.29,417.14,1603,3037,8,8.62,1453.57,2802,3641
hdd,rw,1M,16,600,6,6.64,550.77,2232,3708,6,6.99,1765.05,3742,5201
hdd,rw,1M,32,1,36,36,189.62,550,827,37,37.2,672.57,1028,1267
hdd,rw,1M,32,158,26,26.5,271.9,978,1586,26,26.7,929.52,1838,2299
hdd,rw,1M,32,316,18,18,410.64,1469,2198,18,18.6,1321.72,2601,3306
hdd,rw,1M,32,500,11,11.3,756.98,2769,4597,11,11.8,1978.25,3641,5067
hdd,rw,1M,32,600,5,5.43,2357.58,13087,17113,5,5.63,3394.94,15503,17113
hdd,rw,1M,64,1,37,37.6,521.12,1754,2668,37,37.9,1173.15,2198,2802
hdd,rw,1M,64,158,26,26.8,733.99,2534,3306,26,26.9,1645.58,3272,4212
hdd,rw,1M,64,316,19,19.6,1047.17,3373,4245,20,20.1,2161.28,4245,5201
hdd,rw,1M,64,500,14,14.2,1628,7013,14429,14,14.8,2750.07,8658,14832
hdd,rw,1M,64,600,8,8.47,2967.98,14026,17113,8,8.84,4382.53,17113,17113
hdd,rw,1M,128,1,38,38.3,1346.97,3675,5403,38,38.6,1976.84,3910,5134
hdd,rw,1M,128,158,28,28.3,1792.53,4799,6745,28,28.5,2712.05,5336,6678
hdd,rw,1M,128,316,22,22.9,2304.37,7148,9866,23,23.2,3234.96,7550,10000
hdd,rw,1M,128,500,13,13.4,4082.39,16308,17113,13,13.8,5299.95,16845,17113
hdd,rw,1M,128,600,9,9.06,6243.35,17113,17113,9,9.55,7466.27,17113,17113
hdd,rw,1M,256,1,38,38.5,3006.96,5738,7215,38,38.7,3617.95,5940,7080
hdd,rw,1M,256,158,29,29.4,3899.04,7013,8557,29,29.8,4741.92,7550,8926
hdd,rw,1M,256,316,22,22.2,5209.67,10537,14563,22,22.6,6197.21,11073,14966
hdd,rw,1M,256,500,15,15,7806.27,17113,17113,15,15.6,8878.2,17113,17113
hdd,rw,1M,256,600,9,9.29,12749.16,17113,17113,9,9.78,14043.22,17113,17113
hdd,rw,1M,512,1,39,39.1,6210.69,9194,12013,39,39.4,6825.85,9329,11879
hdd,rw,1M,512,158,29,29.7,8148.53,12147,16711,29,29,8978.35,12684,17113
hdd,rw,1M,512,316,22,22.5,10826.22,17113,17113,22,22.8,11758.94,17113,17113
hdd,rw,1M,512,500,14,14.7,16560.65,17113,17113,15,15.2,17630.16,17113,17113
hdd,rw,1M,512,600,11,11.9,20428.33,17113,17113,12,12.5,21472.22,17113,17113
hdd,rw,2M,1,1,11,22.1,26.2,42.73,56.89,11,23.2,61.31,99,138
hdd,rw,2M,1,158,8,17.5,30.42,58,157,9,18.2,80.79,230,493
hdd,rw,2M,1,316,4,9.88,46.99,138,380,5,10.4,147.52,460,751
hdd,rw,2M,1,500,3,6.01,67.78,205,409,3,6.46,246.58,600,852
hdd,rw,2M,1,600,6,12.6,39.96,122,230,6,12,115.28,313,443
hdd,rw,2M,8,1,17,35.9,85.38,209,317,18,36,349.95,535,651
hdd,rw,2M,8,158,13,27.6,115.85,347,835,14,28.8,445.03,1099,1519
hdd,rw,2M,8,316,9,19.7,153.55,498,953,10,20.7,627.71,1234,1603
hdd,rw,2M,8,500,4,9.04,321.44,1250,2089,4,9.54,1368.51,2735,3910
hdd,rw,2M,8,600,2,5.27,776.4,2601,7684,2,5.73,2071.08,3842,6946
hdd,rw,2M,16,1,20,40.7,140.15,376,550,20,41.7,630.4,927,1099
hdd,rw,2M,16,158,17,34.3,170.1,514,927,17,35.5,737.48,1334,1754
hdd,rw,2M,16,316,9,19.3,335.75,1267,2005,10,20.4,1252.52,2467,3037
hdd,rw,2M,16,500,5,10.9,727.15,2232,3272,5,11.4,2111.1,3842,4799
hdd,rw,2M,16,600,3,7.23,1520.63,8221,12818,3,7.5,2794.05,8926,11073
hdd,rw,2M,32,1,20,41.8,321.33,1011,1469,21,42.9,1177.42,1787,2265
hdd,rw,2M,32,158,15,30.9,468.44,1720,2265,16,32.3,1531.11,2869,3473
hdd,rw,2M,32,316,10,21.1,809.08,2668,3876,11,22.3,2102.35,4044,5067
hdd,rw,2M,32,500,6,12,1667.71,6879,14429,6,13.7,3090.78,7886,14563
hdd,rw,2M,32,600,4,9.17,2623.39,16576,17113,4,9.72,4093.55,17113,17113
hdd,rw,2M,64,1,20,41.5,1030.72,2802,4279,21,42.6,2000.75,3608,5067
hdd,rw,2M,64,158,15,31.3,1399.51,3842,5067,16,32.6,2581.09,4665,6074
hdd,rw,2M,64,316,12,24.7,1878.21,5269,7483,12,25.7,3171.5,6208,7819
hdd,rw,2M,64,500,7,15.1,3543.5,14563,17113,7,15.7,4749.09,14966,17113
hdd,rw,2M,64,600,5,11.9,4559.6,17113,17113,6,12.4,5917.98,17113,17113
hdd,rw,2M,128,1,20,40.8,2596.02,4597,5873,20,41.9,3583.31,5336,6745
hdd,rw,2M,128,158,16,33.8,3118.63,5403,6611,17,34.9,4308.95,6477,7752
hdd,rw,2M,128,316,11,22.6,4866.14,9194,11342,11,23.8,6117.47,10134,11879
hdd,rw,2M,128,500,7,15.1,7610.06,17113,17113,7,15.6,9019.19,17113,17113
hdd,rw,2M,128,600,5,10.9,10765.2,17113,17113,5,11.3,12227.8,17113,17113
hdd,rw,2M,256,1,20,41.5,5612.25,8087,10805,21,42.5,6558.48,8658,11208
hdd,rw,2M,256,158,15,31.2,7472.37,10805,14563,16,32.4,8587.74,11610,15771
hdd,rw,2M,256,316,12,24.4,9608.92,16308,17113,12,25.5,10881.35,17113,17113
hdd,rw,2M,256,500,7,14.2,16893.55,17113,17113,7,14.8,18280.75,17113,17113
hdd,rw,2M,256,600,7,14,16147.77,17113,17113,7,15.5,17370.62,17113,17113
hdd,rw,2M,512,1,21,42.5,11433.06,14966,17113,21,43.4,12349.56,15503,17113
hdd,rw,2M,512,158,15,31.2,15602.11,17113,17113,16,32.3,16595.81,17113,17113
hdd,rw,2M,512,316,11,22.8,21337.78,17113,17113,11,23.9,22417.92,17113,17113
hdd,rw,2M,512,500,7,15.2,32248.21,17113,17113,7,15.9,33530.87,17113,17113
hdd,rw,2M,512,600,5,10.8,44964.11,17113,17113,5,11.3,47337.81,17113,17113
hdd,rw,4M,1,1,7,29,40.88,62,80,7,31.5,88.12,131,182
hdd,rw,4M,1,158,6,24.6,47.2,82,180,6,25.4,111.95,268,617
hdd,rw,4M,1,316,3,14.1,71.78,211,342,3,14.8,202.4,575,726
hdd,rw,4M,1,500,3,12.9,74.41,194,401,3,13.6,223.11,518,693
hdd,rw,4M,1,600,4,16.1,60.13,144,253,4,16,178.95,414,584
hdd,rw,4M,8,1,10,43.9,123.53,284,468,11,45.9,578.67,894,1053
hdd,rw,4M,8,158,8,33.6,167.36,558,1053,8,34.9,756.12,1620,2089
hdd,rw,4M,8,316,5,23.3,249.67,877,1636,6,24.2,1080.41,2039,2702
hdd,rw,4M,8,500,2,11.7,600.89,2366,3239,3,12.6,1976.96,3876,4732
hdd,rw,4M,8,600,2,8.6,1037.22,4245,8423,2,9.29,2478.66,5067,9194
hdd,rw,4M,16,1,11,45.3,240.8,709,1183,11,47.5,1117.21,1653,2072
hdd,rw,4M,16,158,8,34.1,382.17,1418,2106,8,35.3,1441.23,2601,3272
hdd,rw,4M,16,316,5,22.7,692.79,2333,3138,5,23.5,2053,3809,4530
hdd,rw,4M,16,500,3,12,1602.72,6611,7886,3,13.6,3165.37,7550,9060
hdd,rw,4M,16,600,4,16.5,1061.7,3708,9597,4,17.5,2648.35,5604,10402
hdd,rw,4M,32,1,10,42.7,858.81,2265,3171,11,44,2028.03,3306,4279
hdd,rw,4M,32,158,7,31.7,1259.8,3339,4329,8,32.9,2674.44,4530,5604
hdd,rw,4M,32,316,6,24.8,1750.22,4933,6611,6,25.7,3286.98,6074,8087
hdd,rw,4M,32,500,3,14.9,3405.33,16711,17113,3,15.7,4883.28,17113,17113
hdd,rw,4M,32,600,2,11.6,4469.8,17113,17113,3,12.4,6104.26,17113,17113
hdd,rw,4M,64,1,10,42.5,2332.23,3977,5000,11,44.8,3501.92,5000,6409
hdd,rw,4M,64,158,8,32.9,3139.08,5604,7013,8,34.2,4451.62,6879,8423
hdd,rw,4M,64,316,5,23.7,4574.83,8087,11745,6,24.3,6062.37,9463,12281
hdd,rw,4M,64,500,4,16.4,6969.46,17113,17113,4,17.2,8220.3,17113,17113
hdd,rw,4M,64,600,2,10.9,10584.89,17113,17113,2,11.6,12024.48,17113,17113
hdd,rw,4M,128,1,10,42.8,5243.26,7349,8926,11,44.8,6413.79,8288,10268
hdd,rw,4M,128,158,8,32.5,7007.57,10134,14160,8,33.6,8446.44,11476,15905
hdd,rw,4M,128,316,6,24.5,9365.98,15368,17113,6,25.8,10928.14,17113,17113
hdd,rw,4M,128,500,3,12.9,18989.77,17113,17113,3,13.4,19898.86,17113,17113
hdd,rw,4M,128,600,4,16.4,14296.32,17113,17113,4,17.3,16006.37,17113,17113
hdd,rw,4M,256,1,10,41.1,11513.7,14832,17113,10,43.2,12718.39,15905,17113
hdd,rw,4M,256,158,8,33,14454.15,17113,17113,8,34.4,15864.98,17113,17113
hdd,rw,4M,256,316,5,23.3,20442.18,17113,17113,6,24.5,22332.79,17113,17113
hdd,rw,4M,256,500,4,18.3,26394.9,17113,17113,4,19.3,27956.98,17113,17113
hdd,rw,4M,256,600,2,9.17,54122.63,17113,17113,2,9.63,54621.91,17113,17113
hdd,rw,4M,512,1,10,40.7,23954.34,17113,17113,10,42.6,25103.57,17113,17113
hdd,rw,4M,512,158,7,29.9,32841.31,17113,17113,7,31.2,34041.97,17113,17113
hdd,rw,4M,512,316,6,25.9,37862.82,17113,17113,6,26.9,39371.92,17113,17113
hdd,rw,4M,512,500,3,12.5,78821.68,17113,17113,3,13.2,79883.62,17113,17113
hdd,rw,4M,512,600,2,11.2,88223.3,17113,17113,2,11.8,89156.47,17113,17113
hdd,randrw,4k,1,1,25,0.1,15.91,34,47,25,0.1,23.44,44,70
hdd,randrw,4k,1,158,17,0.07,20.9,41,127,17,0.07,36.48,68,372
hdd,randrw,4k,1,316,8,0.03,30.71,118,284,8,0.03,84.6,372,852
hdd,randrw,4k,1,500,12,0.05,27.11,83,194,12,0.05,51.34,192,388
hdd,randrw,4k,1,600,2,null,96.73,326,510,2,0.01,298.66,927,2123
hdd,randrw,4k,8,1,58,0.23,34.91,87,148,58,0.23,101.91,201,275
hdd,randrw,4k,8,158,47,0.19,40.96,107,309,47,0.19,126.6,317,785
hdd,randrw,4k,8,316,19,0.08,96.6,334,625,20,0.08,303.01,760,1301
hdd,randrw,4k,8,500,14,0.06,125.17,426,726,15,0.06,406.71,969,1854
hdd,randrw,4k,8,600,6,0.02,292.72,1020,2869,6,0.02,986.74,2433,3775
hdd,randrw,4k,16,1,71,0.28,50.48,163,288,71,0.28,173.01,342,435
hdd,randrw,4k,16,158,46,0.18,84.31,271,676,46,0.18,262.48,827,1250
hdd,randrw,4k,16,316,30,0.12,118.83,430,785,30,0.12,404.2,1011,1536
hdd,randrw,4k,16,500,13,0.05,271.87,1028,1938,13,0.05,909.26,2165,3171
hdd,randrw,4k,16,600,13,0.05,249.43,1011,1552,13,0.05,908.87,2165,3540
hdd,randrw,4k,32,1,80,0.31,105.06,338,502,80,0.31,293.11,535,693
hdd,randrw,4k,32,158,57,0.22,135.56,451,835,56,0.22,427.49,1036,1435
hdd,randrw,4k,32,316,28,0.11,293.9,1116,1737,29,0.11,802.93,1821,2567
hdd,randrw,4k,32,500,19,0.08,431.71,1720,3004,20,0.08,1169.75,2601,3910
hdd,randrw,4k,32,600,16,0.06,513.12,1905,3876,16,0.07,1412.8,3037,4866
hdd,randrw,4k,64,1,99,0.39,194.56,600,944,99,0.39,447.24,844,1234
hdd,randrw,4k,64,158,56,0.22,353.07,1284,1955,56,0.22,782.72,1787,2500
hdd,randrw,4k,64,316,43,0.17,460.19,1703,2534,43,0.17,996.15,2198,2869
hdd,randrw,4k,64,500,32,0.13,612.74,1905,2869,32,0.13,1365.19,2702,3540
hdd,randrw,4k,64,600,27,0.11,713.36,2467,4732,27,0.11,1586.38,3373,5940
hdd,randrw,4k,128,1,87,0.34,602.01,2769,3675,87,0.34,868.4,3004,3842
hdd,randrw,4k,128,158,67,0.26,765.9,3004,4933,67,0.26,1140.37,3272,5269
hdd,randrw,4k,128,316,52,0.2,917.3,2769,5000,52,0.2,1540.28,3339,5470
hdd,randrw,4k,128,500,47,0.19,968.64,2937,4933,47,0.19,1703.44,3742,5336
hdd,randrw,4k,128,600,42,0.17,1146.63,3675,7215,42,0.17,1860.48,4530,7684
hdd,randrw,4k,256,1,87,0.34,1338.83,5873,9060,87,0.34,1581.32,5940,9060
hdd,randrw,4k,256,158,68,0.27,1656.42,7148,10000,68,0.27,2081.86,7349,10402
hdd,randrw,4k,256,316,68,0.27,1558.27,5000,7282,68,0.27,2200.11,5671,7684
hdd,randrw,4k,256,500,49,0.19,2271.59,8658,11879,49,0.19,2921.84,9060,12818
hdd,randrw,4k,256,600,44,0.17,2574.82,10537,12281,44,0.17,3146.63,10939,12818
hdd,randrw,4k,512,1,87,0.34,2765.37,9597,12953,88,0.34,3052.26,9731,12684
hdd,randrw,4k,512,158,85,0.33,2701.07,8658,9866,85,0.33,3264.81,9194,10402
hdd,randrw,4k,512,316,62,0.24,3819.24,14563,17113,62,0.24,4367.07,15234,17113
hdd,randrw,4k,512,500,51,0.2,4732.99,16845,17113,50,0.2,5300.87,17113,17113
hdd,randrw,4k,512,600,52,0.21,4573.89,16442,17113,52,0.2,5219.11,16979,17113
hdd,randrw,32k,1,1,24,0.76,16.31,35,48,24,0.77,24.31,46,79
hdd,randrw,32k,1,158,15,0.49,22.04,45,148,16,0.51,40.34,108,380
hdd,randrw,32k,1,316,9,0.29,32.92,116,388,9,0.3,71.17,368,735
hdd,randrw,32k,1,500,3,0.1,88.52,279,535,3,0.1,224.54,567,1653
hdd,randrw,32k,1,600,4,0.14,60.49,203,347,4,0.14,159.91,489,818
hdd,randrw,32k,8,1,49,1.54,38.84,97,159,49,1.54,123.34,230,309
hdd,randrw,32k,8,158,34,1.08,52.83,150,514,34,1.08,177.79,558,1003
hdd,randrw,32k,8,316,21,0.69,90.25,338,735,22,0.7,268.84,802,1234
hdd,randrw,32k,8,500,11,0.37,140.45,435,1099,12,0.39,506.19,1284,2601
hdd,randrw,32k,8,600,6,0.21,240.25,961,1569,7,0.22,889.76,2232,3171
hdd,randrw,32k,16,1,61,1.92,56.83,186,313,61,1.91,204.52,388,493
hdd,randrw,32k,16,158,40,1.26,91.46,284,726,40,1.27,303.61,852,1351
hdd,randrw,32k,16,316,27,0.87,125,451,810,27,0.87,447.8,1116,1905
hdd,randrw,32k,16,500,12,0.38,296.24,1083,2534,12,0.4,969.73,2265,3977
hdd,randrw,32k,16,600,12,0.39,286.39,1036,2022,13,0.41,953.1,2333,4044
hdd,randrw,32k,32,1,78,2.44,96.25,284,426,77,2.44,314.03,542,676
hdd,randrw,32k,32,158,48,1.5,161.33,592,1183,47,1.5,505.55,1301,1838
hdd,randrw,32k,32,316,29,0.91,278.25,1183,1854,29,0.92,814.65,1888,2567
hdd,randrw,32k,32,500,17,0.55,458.61,1620,2433,18,0.57,1323.43,2668,3675
hdd,randrw,32k,32,600,16,0.51,472.82,1770,2869,17,0.53,1417.95,2903,3943
hdd,randrw,32k,64,1,77,2.41,275.96,1133,2039,76,2.4,555.5,1385,2232
hdd,randrw,32k,64,158,53,1.66,359.18,1301,1989,53,1.66,844.73,1854,2500
hdd,randrw,32k,64,316,41,1.3,445.69,1552,2333,41,1.3,1094.99,2265,3004
hdd,randrw,32k,64,500,28,0.88,738.63,2366,3641,28,0.88,1531.92,3037,4463
hdd,randrw,32k,64,600,28,0.88,740.65,2735,4597,28,0.88,1536.61,3339,5201
hdd,randrw,32k,128,1,92,2.88,485.05,1888,2937,92,2.89,901.33,2265,3339
hdd,randrw,32k,128,158,57,1.8,849.88,3239,6678,57,1.8,1371.58,3440,7080
hdd,randrw,32k,128,316,50,1.59,979.43,3977,6141,50,1.59,1532.63,4463,6477
hdd,randrw,32k,128,500,42,1.32,1141.23,4178,7215,42,1.32,1882.42,4866,7617
hdd,randrw,32k,128,600,41,1.31,1089.34,3574,6477,41,1.31,1960.66,4463,7013
hdd,randrw,32k,256,1,80,2.52,1423.26,8154,11342,80,2.52,1756.5,8221,11610
hdd,randrw,32k,256,158,63,1.97,1744.68,7550,9597,63,1.97,2311.05,8087,10134
hdd,randrw,32k,256,316,63,1.99,1627,5336,7013,63,1.99,2393.08,6074,7684
hdd,randrw,32k,256,500,44,1.4,2502.46,9866,14026,44,1.4,3217.58,10402,14429
hdd,randrw,32k,256,600,44,1.38,2591.8,9463,13489,43,1.38,3222.47,10000,15234
hdd,randrw,32k,512,1,97,3.04,2340.32,10537,11745,97,3.04,2926.23,11073,12416
hdd,randrw,32k,512,158,62,1.94,3859.72,14832,17113,62,1.94,4377.15,15100,17113
hdd,randrw,32k,512,316,54,1.69,4400.92,15503,17113,53,1.69,5072.71,15905,17113
hdd,randrw,32k,512,500,48,1.51,4976,17113,17113,48,1.51,5604.27,17113,17113
hdd,randrw,32k,512,600,64,2.02,3556.59,13624,16979,64,2.02,4363.72,14429,17113
hdd,randrw,64k,1,1,19,1.24,18.54,36,48,20,1.27,31.08,58,83
hdd,randrw,64k,1,158,13,0.81,24.21,44,178,13,0.85,50.47,133,498
hdd,randrw,64k,1,316,8,0.54,30.97,112,243,8,0.56,81.42,313,506
hdd,randrw,64k,1,500,2,0.18,78.95,264,447,3,0.19,250.15,575,1821
hdd,randrw,64k,1,600,9,0.62,32.98,116,228,10,0.65,65.17,251,426
hdd,randrw,64k,8,1,62,3.92,33.96,79,109,62,3.91,93.74,159,209
hdd,randrw,64k,8,158,42,2.68,43.97,116,401,42,2.69,142.19,485,969
hdd,randrw,64k,8,316,31,1.94,62.78,226,506,31,1.95,193.72,625,1003
hdd,randrw,64k,8,500,14,0.93,118.63,393,818,15,0.97,402.96,1133,1888
hdd,randrw,64k,8,600,4,0.29,353.01,1301,2702,4,0.31,1289.47,2970,4396
hdd,randrw,64k,16,1,77,4.87,42.11,110,161,77,4.86,163.61,262,330
hdd,randrw,64k,16,158,54,3.44,68.13,199,550,54,3.42,224.15,735,1301
hdd,randrw,64k,16,316,26,1.65,137.06,464,869,26,1.67,463.73,1150,1854
hdd,randrw,64k,16,500,12,0.78,271.37,1062,2022,13,0.82,963.35,2232,3842
hdd,randrw,64k,16,600,11,0.73,288.16,1036,3071,12,0.77,1028.24,2467,4044
hdd,randrw,64k,32,1,91,5.73,80.39,218,334,91,5.74,268.4,439,567
hdd,randrw,64k,32,158,55,3.47,133.28,493,978,55,3.44,446.46,1183,1703
hdd,randrw,64k,32,316,31,1.96,236.08,852,1821,31,1.98,775.92,1821,3473
hdd,randrw,64k,32,500,20,1.27,386.84,1385,4329,20,1.3,1158.75,2467,5067
hdd,randrw,64k,32,600,16,1.03,474.62,1687,2668,17,1.07,1418.32,2668,3742
hdd,randrw,64k,64,1,94,5.93,175.86,535,802,95,5.94,497.94,852,1116
hdd,randrw,64k,64,158,60,3.76,285.43,986,1720,59,3.75,781.07,1636,2635
hdd,randrw,64k,64,316,43,2.7,418.17,1452,3540,43,2.7,1061.88,2232,4732
hdd,randrw,64k,64,500,31,1.95,594.61,1989,3239,31,1.97,1442.63,2836,4463
hdd,randrw,64k,64,600,24,1.51,833.98,3306,5940,24,1.53,1784.65,4329,6745
hdd,randrw,64k,128,1,100,6.28,440.62,1670,2299,100,6.29,832.3,2022,2635
hdd,randrw,64k,128,158,68,4.28,651.82,2400,4279,68,4.29,1215.31,2937,5067
hdd,randrw,64k,128,316,53,3.37,856.51,2903,5738,53,3.36,1523.76,3675,6946
hdd,randrw,64k,128,500,41,2.6,1162.19,4530,8154,41,2.6,1914.53,5201,9060
hdd,randrw,64k,128,600,35,2.22,1382.28,6544,8926,35,2.23,2217.98,7215,9597
hdd,randrw,64k,256,1,101,6.32,1066.46,4799,6141,101,6.33,1463.34,5134,6477
hdd,randrw,64k,256,158,76,4.78,1395.73,6409,8658,76,4.77,1955.72,7080,9329
hdd,randrw,64k,256,316,59,3.74,1802.97,7080,12281,59,3.73,2484.53,7752,12416
hdd,randrw,64k,256,500,50,3.13,2161.27,9463,14966,50,3.13,2943.81,10134,15771
hdd,randrw,64k,256,600,40,2.51,2833.22,17113,17113,40,2.51,3534.16,17113,17113
hdd,randrw,64k,512,1,110,6.91,2103.79,7550,10134,110,6.88,2536.86,7953,10537
hdd,randrw,64k,512,158,77,4.86,2977.63,10671,13221,77,4.85,3610.31,11073,13489
hdd,randrw,64k,512,316,60,3.81,3850.52,15905,17113,60,3.81,4546.02,16442,17113
hdd,randrw,64k,512,500,50,3.14,4798.48,16174,17113,50,3.13,5411.74,16845,17113
hdd,randrw,64k,512,600,70,4.39,3264.46,10134,12550,69,4.37,4039.84,11073,13355
hdd,randrw,256k,1,1,16,4.14,21.61,40,56,17,4.3,37.27,67,96
hdd,randrw,256k,1,158,11,2.83,28.33,50,241,11,2.96,57.36,171,468
hdd,randrw,256k,1,316,12,3.21,24.22,50,161,13,3.36,51.27,140,326
hdd,randrw,256k,1,500,6,1.51,45.55,169,305,6,1.55,116.62,447,676
hdd,randrw,256k,1,600,7,1.9,37.03,136,262,7,2,89.81,305,485
hdd,randrw,256k,8,1,41,10.3,49.95,120,167,41,10.3,143.64,249,305
hdd,randrw,256k,8,158,28,7.1,62.53,174,592,28,7.13,218.08,768,1351
hdd,randrw,256k,8,316,17,4.26,106.58,351,600,17,4.4,351.44,810,1871
hdd,randrw,256k,8,500,8,2.09,205.12,693,2265,8,2.17,724.33,1888,3205
hdd,randrw,256k,8,600,5,1.33,309.76,1284,2366,5,1.39,1140.35,2769,3977
hdd,randrw,256k,16,1,47,11.8,64.81,182,259,47,11.8,275.34,439,531
hdd,randrw,256k,16,158,32,8.18,113.46,393,793,32,8.22,373.5,986,1418
hdd,randrw,256k,16,316,17,4.31,205.46,693,1536,17,4.45,699.83,1620,2769
hdd,randrw,256k,16,500,9,2.36,376.56,1418,2668,9,2.48,1251.35,2735,4329
hdd,randrw,256k,16,600,7,1.83,472.33,1787,4329,7,1.93,1624.61,3339,5537
hdd,randrw,256k,32,1,51,12.8,158.92,460,709,50,12.7,468.38,802,1070
hdd,randrw,256k,32,158,33,8.48,228.99,818,1334,34,8.52,711.28,1620,2056
hdd,randrw,256k,32,316,20,5.1,369.98,1418,2433,20,5.24,1165.97,2534,3742
hdd,randrw,256k,32,500,13,3.48,560.12,2072,3037,14,3.59,1682.04,3306,4933
hdd,randrw,256k,32,600,12,3.02,702.98,2400,4178,12,3.14,1869.22,3574,5604
hdd,randrw,256k,64,1,52,13,349.99,1036,1435,52,13,876.96,1620,2022
hdd,randrw,256k,64,158,34,8.71,532.55,1854,2869,35,8.76,1296.96,2668,3507
hdd,randrw,256k,64,316,28,7.13,694.66,2567,4279,28,7.19,1537.05,3272,5067
hdd,randrw,256k,64,500,21,5.41,943.65,3306,6208,22,5.51,1976.2,4732,7215
hdd,randrw,256k,64,600,16,4.22,1324.7,5201,8926,17,4.36,2387.78,6074,11208
hdd,randrw,256k,128,1,53,13.4,885.14,2836,4178,53,13.3,1512.6,3507,4799
hdd,randrw,256k,128,158,38,9.52,1299.4,5201,8356,38,9.58,2046.59,5805,8658
hdd,randrw,256k,128,316,31,7.83,1558.5,6141,11208,31,7.87,2517.16,7349,11476
hdd,randrw,256k,128,500,26,6.6,1908.77,7684,13758,26,6.66,2912.07,8658,14832
hdd,randrw,256k,128,600,20,5.16,2565.36,13087,16576,21,5.27,3559.54,13624,17113
hdd,randrw,256k,256,1,52,13.2,2109.68,9194,15771,52,13.2,2742.45,9329,16442
hdd,randrw,256k,256,158,40,10.1,2759.48,9463,13221,40,10.1,3556.56,10268,13892
hdd,randrw,256k,256,316,35,8.86,3188.2,9866,14026,35,8.91,4012.83,10671,14563
hdd,randrw,256k,256,500,34,8.54,3231.86,11610,16845,34,8.57,4246.65,12416,17113
hdd,randrw,256k,256,600,21,5.44,5450.06,17113,17113,21,5.49,6248.97,17113,17113
hdd,randrw,256k,512,1,54,13.7,4353.93,14160,15503,54,13.6,5046.27,14832,16174
hdd,randrw,256k,512,158,41,10.3,5817.22,16442,17113,41,10.3,6658.6,17113,17113
hdd,randrw,256k,512,316,33,8.42,7082.26,17113,17113,33,8.48,8054.45,17113,17113
hdd,randrw,256k,512,500,24,6.18,9904.76,17113,17113,24,6.21,10754.99,17113,17113
hdd,randrw,256k,512,600,36,9.1,6509.86,16711,17113,36,9.16,7504.77,17113,17113
hdd,randrw,1M,1,1,12,12.3,28.61,47.45,59.51,12,12.8,50.39,81,101
hdd,randrw,1M,1,158,10,10.2,29.15,54,163,10,10.8,65.14,150,397
hdd,randrw,1M,1,316,5,5.57,48.43,167,397,5,5.82,125.51,489,785
hdd,randrw,1M,1,500,2,2.34,90.06,326,693,2,2.49,316.96,827,1485
hdd,randrw,1M,1,600,3,3.05,77.88,234,351,3,3.27,233.24,542,1318
hdd,randrw,1M,8,1,23,23.5,73.87,188,275,23,23.8,262.74,405,493
hdd,randrw,1M,8,158,16,16.6,104.48,296,634,17,17.2,363.51,961,1318
hdd,randrw,1M,8,316,12,12,141.32,518,768,12,12.5,503.02,1150,1552
hdd,randrw,1M,8,500,5,5.15,331.02,1234,2072,5,5.45,1155.75,2433,3306
hdd,randrw,1M,8,600,3,3.67,438.7,1670,2500,3,3.81,1675.32,3272,3910
hdd,randrw,1M,16,1,25,25.9,124.98,309,477,26,26.2,486.88,726,885
hdd,randrw,1M,16,158,20,20.5,160.03,518,885,21,21,605.13,1334,1720
hdd,randrw,1M,16,316,11,11.5,280.83,1028,1670,12,12.1,1057.19,2198,3004
hdd,randrw,1M,16,500,7,7.08,513.92,1955,3809,7,7.45,1657.68,3473,5604
hdd,randrw,1M,16,600,5,5.65,700.58,2433,3876,5,5.88,2046.27,3910,5269
hdd,randrw,1M,32,1,30,30.4,222.3,600,877,30,30.7,821.61,1250,1536
hdd,randrw,1M,32,158,18,18.7,411.21,1502,2056,19,19.3,1262.21,2400,3004
hdd,randrw,1M,32,316,13,13.4,585.28,2165,3104,14,14,1723.96,3205,4245
hdd,randrw,1M,32,500,9,9.74,957.81,3507,6074,10,10.3,2202.86,4530,7282
hdd,randrw,1M,32,600,6,6.42,1640.08,8221,14697,6,6.76,3174.34,9194,17113
hdd,randrw,1M,64,1,28,28.6,699.25,3205,3977,28,28.8,1524.54,3910,4799
hdd,randrw,1M,64,158,20,20.6,993.39,3842,6611,21,21.1,2057.79,4732,7416
hdd,randrw,1M,64,316,15,15.5,1437.43,5403,9194,16,16.1,2586.04,6141,9463
hdd,randrw,1M,64,500,11,11,1936.18,7886,14429,12,12.4,3278.2,9329,15503
hdd,randrw,1M,64,600,8,8.1,3129.16,14832,17113,8,8.49,4540.84,16711,17113
hdd,randrw,1M,128,1,29,29.1,1767.33,7550,10000,29,29.4,2604.72,8221,10671
hdd,randrw,1M,128,158,21,21,2340.19,8356,10134,22,22.4,3418.27,9194,11073
hdd,randrw,1M,128,316,19,19.4,2703.53,8792,13355,19,19.9,3798.3,9597,12684
hdd,randrw,1M,128,500,11,11.7,4706.05,16845,17113,12,12.1,6021.93,17113,17113
hdd,randrw,1M,128,600,8,8.3,6855.83,17113,17113,8,8.69,8162.29,17113,17113
hdd,randrw,1M,256,1,29,29.4,3896.51,9597,11610,29,29.8,4740.47,10402,12416
hdd,randrw,1M,256,158,23,23.8,4822.33,9866,12684,24,24.1,5861.13,10671,13624
hdd,randrw,1M,256,316,16,16.6,7017.5,16040,17113,17,17.2,8106.58,16711,17113
hdd,randrw,1M,256,500,11,11.8,9855.17,17113,17113,12,12.3,11348.33,17113,17113
hdd,randrw,1M,256,600,10,10,10837.09,17113,17113,11,11.4,11972.8,17113,17113
hdd,randrw,1M,512,1,32,32,7313.74,11745,13489,33,33.2,8153.83,12550,14429
hdd,randrw,1M,512,158,22,22.5,10780.99,16845,17113,22,22.8,11821.22,17113,17113
hdd,randrw,1M,512,316,16,16.6,14512.61,17113,17113,17,17.2,15660.44,17113,17113
hdd,randrw,1M,512,500,12,12.8,18813.02,17113,17113,13,13.4,20197.35,17113,17113
hdd,randrw,1M,512,600,9,9.39,25863.33,17113,17113,9,9.87,27207.31,17113,17113
hdd,randrw,2M,1,1,9,19.1,37.49,58,70,10,20,64.21,99,118
hdd,randrw,2M,1,158,8,16.3,39.61,68,178,8,16.9,80.33,199,426
hdd,randrw,2M,1,316,6,13.9,46.22,91,218,7,14.6,93.3,249,409
hdd,randrw,2M,1,500,2,4.86,96.44,284,468,2,5.21,293.93,584,1485
hdd,randrw,2M,1,600,2,5.06,96.26,257,477,2,5.37,281.87,667,1318
hdd,randrw,2M,8,1,15,30.5,111.02,279,376,15,31.8,395.87,592,693
hdd,randrw,2M,8,158,10,21.7,160.99,489,1070,11,22.8,548.22,1284,1703
hdd,randrw,2M,8,316,7,15.9,211.74,659,1053,8,16.6,761.56,1519,2039
hdd,randrw,2M,8,500,4,8.42,435.48,1620,2668,4,8.93,1379.75,2802,3675
hdd,randrw,2M,8,600,2,5.64,669.42,2467,3608,3,6.02,2024.7,3775,4463
hdd,randrw,2M,16,1,16,33.1,193.65,493,718,17,34.3,745.93,1116,1334
hdd,randrw,2M,16,158,12,25.4,250.78,844,1435,13,26.5,964.71,1938,2366
hdd,randrw,2M,16,316,8,16.3,447.59,1586,2089,8,16.9,1465.35,2769,3473
hdd,randrw,2M,16,500,5,10.1,823.17,2836,6409,5,10.6,2232.78,4044,11073
hdd,randrw,2M,16,600,3,6.39,1568.36,8154,12550,3,6.85,3196.18,9194,14563
hdd,randrw,2M,32,1,18,36.2,394.31,1267,1838,18,37.5,1325.45,2106,2836
hdd,randrw,2M,32,158,12,24.1,687.34,2265,3239,12,25.2,1884.14,3440,4279
hdd,randrw,2M,32,316,9,18.9,949.83,3440,5000,9,19.8,2318.57,4665,5671
hdd,randrw,2M,32,500,6,13.7,1523.03,6879,10000,7,14.4,2995.7,8557,11073
hdd,randrw,2M,32,600,5,10.5,2300.17,13355,17113,5,11,3603.02,13221,17113
hdd,randrw,2M,64,1,17,34.6,1283.94,4077,5134,17,35.8,2335.45,5000,5940
hdd,randrw,2M,64,158,12,25.4,1815.86,5067,6611,13,26.5,3085.51,6007,7617
hdd,randrw,2M,64,316,9,19.8,2419.88,7953,16040,10,20.9,3826.68,9463,16979
hdd,randrw,2M,64,500,6,13.8,3884.63,17113,17113,7,14.5,5127.77,17113,17113
hdd,randrw,2M,64,600,4,9.72,5661.94,17113,17113,5,10.2,7159.64,17113,17113
hdd,randrw,2M,128,1,17,34.3,3137.57,6477,7483,17,35.4,4189.43,7416,8490
hdd,randrw,2M,128,158,13,26.2,4134.33,7886,9329,13,27.3,5414.18,8792,11476
hdd,randrw,2M,128,316,10,20.4,5526.53,12416,17113,10,21.4,6681.79,12281,17113
hdd,randrw,2M,128,500,6,13.3,8748.06,17113,17113,6,13.9,10018.53,17113,17113
hdd,randrw,2M,128,600,5,10.4,11722.73,17113,17113,5,10.6,12658.96,17113,17113
hdd,randrw,2M,256,1,17,34.5,6758.2,10268,12013,17,35.6,7812.37,11208,13489
hdd,randrw,2M,256,158,13,27.1,8677.22,12953,16308,14,28.1,9840.12,13758,17113
hdd,randrw,2M,256,316,9,19.8,11835.84,17113,17113,10,20.8,13318.04,17113,17113
hdd,randrw,2M,256,500,6,13.3,17802.31,17113,17113,7,14,19587.74,17113,17113
hdd,randrw,2M,256,600,6,12.3,19312.72,17113,17113,6,12,21063.31,17113,17113
hdd,randrw,2M,512,1,18,36.9,13202.84,17113,17113,18,37.7,14198.04,17113,17113
hdd,randrw,2M,512,158,12,25.8,18877.1,17113,17113,13,26.7,20044.54,17113,17113
hdd,randrw,2M,512,316,10,20,24187.47,17113,17113,10,21,25594.62,17113,17113
hdd,randrw,2M,512,500,6,13.1,37909.1,17113,17113,6,13.5,38819.87,17113,17113
hdd,randrw,2M,512,600,6,13.2,37503.62,17113,17113,6,13.7,38555.54,17113,17113
hdd,randrw,4M,1,1,6,27.2,56.16,84,102,7,28.7,85.94,129,159
hdd,randrw,4M,1,158,5,21.9,61.95,113,279,5,22.9,115.25,334,617
hdd,randrw,4M,1,316,3,14,83,241,542,3,15.5,178.32,600,852
hdd,randrw,4M,1,500,1,7.44,121.76,317,718,2,8.08,383.15,860,1938
hdd,randrw,4M,1,600,1,7.04,142.3,376,701,1,7.7,389.48,1045,1871
hdd,randrw,4M,8,1,9,38.3,177.22,435,609,10,40.3,625.5,961,1183
hdd,randrw,4M,8,158,6,27.7,247.97,793,1351,7,29.1,862.56,1770,2140
hdd,randrw,4M,8,316,5,21.4,297.42,919,1502,5,22.4,1145.9,2265,2702
hdd,randrw,4M,8,500,2,11.6,632.78,2165,3138,3,12.5,1971.61,3675,4463
hdd,randrw,4M,8,600,2,9.58,866.14,3574,4866,2,10.3,2297.77,4597,6275
hdd,randrw,4M,16,1,9,39.7,333.02,986,1502,10,41.9,1211.06,1905,2433
hdd,randrw,4M,16,158,7,30.5,480.78,1754,2567,8,32.1,1537.76,2869,3608
hdd,randrw,4M,16,316,5,20.8,727.36,2500,3272,5,21.8,2239.36,4010,4799
hdd,randrw,4M,16,500,3,14.3,1370.89,6477,10268,3,14.9,2964.93,7819,10939
hdd,randrw,4M,16,600,2,9.79,2332.12,13221,17113,2,10.4,3955.03,14966,17113
hdd,randrw,4M,32,1,9,39.4,960.38,2601,3675,10,41.6,2165.61,3675,5000
hdd,randrw,4M,32,158,7,28.8,1408.35,3943,5134,7,30.3,2888.09,5134,6544
hdd,randrw,4M,32,316,5,21.5,2096.93,6208,10402,5,22.5,3681.42,7215,10805
hdd,randrw,4M,32,500,3,14.9,3276.6,12953,16576,3,15.8,4990.38,14160,17113
hdd,randrw,4M,32,600,2,11.5,4432.47,17113,17113,3,12.4,6183.75,17113,17113
hdd,randrw,4M,64,1,9,39,2576.53,4530,5873,10,41.1,3773.28,5671,7148
hdd,randrw,4M,64,158,7,29.8,3450.61,6007,7953,7,31.3,4889.52,7282,9731
hdd,randrw,4M,64,316,5,22.4,4826.86,9329,11879,5,23.2,6373.04,10671,13624
hdd,randrw,4M,64,500,4,16.5,6800.53,16979,17113,4,17.3,8280.82,17113,17113
hdd,randrw,4M,64,600,2,10.1,10972.58,17113,17113,2,10,13211.06,17113,17113
hdd,randrw,4M,128,1,9,38.5,5860.82,8087,12416,10,40.6,7046.65,9329,13489
hdd,randrw,4M,128,158,7,29.3,7780.91,11073,16040,7,30.8,9211.67,12281,17113
hdd,randrw,4M,128,316,5,23.8,9746.52,16845,17113,6,24.6,11360.28,17113,17113
hdd,randrw,4M,128,500,3,13.9,16741.87,17113,17113,3,14.7,18956.03,17113,17113
hdd,randrw,4M,128,600,2,10.3,23147.58,17113,17113,2,10.9,24924.12,17113,17113
hdd,randrw,4M,256,1,9,38.6,12244.14,16711,17113,10,40.8,13498.28,17113,17113
hdd,randrw,4M,256,158,7,29.9,16186.68,17113,17113,7,30.9,17399.94,17113,17113
hdd,randrw,4M,256,316,5,22.2,21869.24,17113,17113,5,23.1,23236.8,17113,17113
hdd,randrw,4M,256,500,3,13.4,35770.08,17113,17113,3,14.2,38112.8,17113,17113
hdd,randrw,4M,256,600,2,9.03,53603.71,17113,17113,2,9.57,56203.09,17113,17113
hdd,randrw,4M,512,1,9,39.6,24572.58,17113,17113,10,41.6,25694.51,17113,17113
hdd,randrw,4M,512,158,7,29.8,32923.88,17113,17113,7,31.1,34181.04,17113,17113
hdd,randrw,4M,512,316,5,21.8,45013.65,17113,17113,5,23,46159.74,17113,17113
hdd,randrw,4M,512,500,3,13.7,71786.69,17113,17113,3,14.4,73609.69,17113,17113
hdd,randrw,4M,512,600,2,9.59,103611.06,17113,17113,2,10.1,104314.2,17113,17113
